item_id,order_id,product_id,quantity,unit_price,discount_percent
1,815,79,3,9936.77,19
2,444,553,3,35642.58,25
3,258,528,-4,67161.87,35
4,185,20,5,34486.45,36
5,512,219,4,22601.44,40
6,546,445,5,53748.65,3
7,535,206,3,55539.76,15
8,155,308,4,13831.49,4
9,650,209,4,30071.33,18
10,662,165,3,46720.88,15
11,416,245,1,55371.86,1
12,252,318,4,36447.31,27
13,433,38,2,23972.36,8
14,30,265,3,11191.97,11
15,660,44,4,58621.08,3
16,881,86,3,43740.64,4
17,923,417,3,3188.56,5
18,407,144,2,46470.6,47
19,513,124,5,22985.86,37
20,973,538,3,20056.29,5
21,244,126,3,46763.48,37
22,755,400,2,61298.65,13
23,148,110,2,14171.71,17
24,451,419,3,37354.64,3
25,503,547,3,18863.34,7
26,325,559,4,4098.52,15
27,987,285,2,9435.66,45
28,377,316,1,25649.32,38
29,36,56,2,40772.18,24
30,317,372,1,44696.82,15
31,879,454,4,34942.44,25
32,950,262,3,34286.22,48
33,242,305,2,4992.29,10
34,938,450,3,54575.78,49
35,660,417,1,2818.01,5
36,843,504,4,20078.84,21
37,735,433,1,13202.29,44
38,268,519,1,10456.21,38
39,747,561,3,60073.96,1
40,781,54,2,29959.0,50
41,657,140,1,15289.76,40
42,313,322,5,21435.1,10
43,256,529,2,62320.95,43
44,421,328,4,35704.12,47
45,137,267,2,54393.53,20
46,819,289,2,3379.82,23
47,187,403,4,33265.27,36
48,230,22,1,53464.99,41
49,627,235,1,68574.6,12
50,269,173,1,56648.15,27
51,615,267,2,44924.52,23
52,175,581,1,45146.43,33
53,446,465,4,26148.57,45
54,209,196,3,46628.16,31
55,392,134,4,21110.74,38
56,221,290,-2,45866.89,26
57,812,150,1,16701.01,16
58,242,462,2,30602.39,43
59,663,470,1,31952.24,8
60,893,332,4,25567.68,45
61,393,434,5,25216.38,6
62,571,61,-1,10934.51,15
63,483,363,5,70949.07,38
64,727,47,1,24148.37,39
65,391,310,4,21914.26,8
66,992,573,1,42854.52,16
67,174,516,4,20126.72,29
68,136,92,3,26896.0,27
69,146,267,1,48472.33,8
70,512,288,-3,9828.82,18
71,925,270,5,13345.54,16
72,530,321,4,6868.55,20
73,755,504,2,19035.05,42
74,652,451,1,15534.52,3
75,236,188,-1,60210.15,10
76,723,479,4,5331.77,31
77,42,453,3,44024.44,35
78,497,469,4,15457.44,46
79,888,152,1,30823.13,13
80,890,291,2,53509.94,47
81,521,280,5,40059.74,37
82,218,598,1,45482.44,36
83,185,427,1,11905.54,31
84,694,97,3,53729.37,43
85,697,125,4,18010.79,6
86,858,332,2,20672.8,29
87,851,492,4,26031.17,17
88,609,6,3,51399.8,41
89,638,464,3,29878.47,46
90,929,583,2,10527.55,3
91,821,290,3,51365.36,47
92,73,561,5,58726.09,25
93,262,183,2,47779.55,25
94,92,22,2,42400.1,49
95,413,292,2,19855.37,31
96,821,443,3,2530.55,38
97,135,368,1,31394.11,32
98,205,502,4,42766.18,30
99,275,577,5,1777.6,48
100,433,378,5,6109.21,40
101,437,96,1,38088.02,29
102,693,230,2,43016.42,33
103,645,538,1,18785.2,27
104,82,490,3,39838.04,8
105,701,308,2,14325.32,18
106,583,49,5,12250.34,2
107,526,111,5,47806.98,6
108,476,583,3,11039.79,37
109,84,516,1,15662.1,42
110,474,184,2,37245.91,2
111,86,427,3,12174.91,46
112,466,461,5,50661.56,21
113,990,192,2,9996.83,47
114,619,266,1,45793.28,1
115,6,405,1,43723.18,41
116,489,472,4,56765.78,47
117,617,499,3,40067.76,39
118,370,405,3,44899.3,8
119,15,196,1,54732.26,44
120,994,193,1,37003.99,41
121,149,248,4,59506.26,50
122,552,196,1,46827.01,29
123,152,486,4,42902.93,10
124,925,157,4,31736.02,30
125,21,461,5,42613.37,18
126,584,402,1,40666.46,6
127,646,443,4,2492.37,47
128,593,568,3,12055.89,25
129,498,526,5,39776.88,43
130,927,500,2,9264.83,33
131,20,433,5,11323.93,4
132,275,428,4,49478.31,39
133,962,356,4,26091.84,1
134,166,295,2,62992.59,28
135,238,520,2,59709.37,43
136,348,480,2,34722.46,46
137,729,400,4,59595.17,43
138,669,369,4,54628.43,10
139,637,213,3,699.22,5
140,684,495,2,49590.5,10
141,621,504,1,20404.42,31
142,311,241,2,19834.51,1
143,368,268,3,58698.76,11
144,848,516,1,19451.27,21
145,441,117,5,42386.77,35
146,230,499,3,44530.27,50
147,364,48,5,58651.98,9
148,874,528,5,67121.16,45
149,52,449,4,73495.28,48
150,114,109,5,3064.34,6
151,844,576,1,32793.8,10
152,646,121,2,4038.1,10
153,746,300,4,68731.52,31
154,751,102,2,21078.85,21
155,839,142,1,39363.0,28
156,993,426,1,47919.27,30
157,350,294,5,16856.65,17
158,382,425,3,50882.26,15
159,156,543,4,45130.71,8
160,822,440,4,37151.7,29
161,975,529,3,63997.76,28
162,150,11,5,18104.89,5
163,347,323,4,60087.4,10
164,445,63,4,60501.34,42
165,945,155,5,18114.25,40
166,731,533,3,63246.12,43
167,718,567,3,26659.01,20
168,932,353,1,32914.14,33
169,626,151,4,47547.85,13
170,909,558,5,7338.78,41
171,453,354,4,21249.32,19
172,87,38,5,25415.42,46
173,737,130,5,17898.74,18
174,219,96,5,38536.73,33
175,349,164,1,52755.94,50
176,553,265,2,11761.83,19
177,744,433,5,10565.24,3
178,862,382,3,28027.82,22
179,127,49,1,13863.49,36
180,755,6,4,42683.54,15
181,825,596,5,50783.92,40
182,682,547,5,16316.34,19
183,292,587,2,12278.05,33
184,756,254,1,60199.9,37
185,198,370,-4,36161.17,45
186,436,422,1,24629.23,27
187,910,134,4,17355.22,4
188,379,539,4,28106.39,33
189,798,405,3,52757.98,40
190,434,451,4,18403.63,26
191,844,167,2,25996.67,31
192,729,469,2,20077.36,32
193,884,542,1,5974.96,29
194,485,34,2,50789.57,23
195,944,122,5,71652.72,7
196,124,379,5,27353.03,33
197,157,121,3,3369.61,23
198,311,302,4,25652.07,9
199,146,432,1,23194.48,19
200,911,291,2,43779.86,47
201,501,3,1,24551.44,4
202,892,46,4,523.04,19
203,580,464,3,28536.48,30
204,855,136,2,43540.82,29
205,780,461,4,41279.89,46
206,334,92,5,26540.37,26
207,397,239,4,41795.18,2
208,982,454,3,43026.6,10
209,725,26,5,41175.19,49
210,725,317,5,20515.93,41
211,573,88,2,60123.38,34
212,591,55,5,7563.63,48
213,488,515,1,44310.71,34
214,185,20,3,33761.42,15
215,850,594,4,53407.0,34
216,622,329,4,35698.3,31
217,883,24,3,27243.96,26
218,25,541,3,25947.5,5
219,118,102,5,18107.06,9
220,188,262,1,35058.52,26
221,695,174,1,65111.09,20
222,186,28,1,32400.24,6
223,328,146,4,64555.53,16
224,385,124,1,19877.8,48
225,612,243,4,22817.23,32
226,395,118,3,42923.44,29
227,567,417,1,3013.83,26
228,649,240,1,11707.07,37
229,692,104,2,20881.19,41
230,805,129,3,40460.19,28
231,86,513,2,67344.51,9
232,383,554,2,6571.71,34
233,976,434,5,26856.38,0
234,833,476,5,5783.9,10
235,1,62,-4,14006.99,16
236,860,390,3,628.95,13
237,600,523,3,10097.46,47
238,547,577,1,1709.02,25
239,716,126,2,52774.1,17
240,900,443,2,2327.42,20
241,906,351,3,46287.91,45
242,464,280,2,37544.33,20
243,350,216,4,14558.98,21
244,17,137,1,36610.36,0
245,924,10,2,41971.58,44
246,721,501,4,44953.77,50
247,898,80,-5,35157.98,42
248,456,127,3,539.0,24
249,848,367,4,4699.35,49
250,832,9,1,17819.49,12
251,456,10,2,46350.06,48
252,288,367,2,4559.33,39
253,641,311,2,52314.39,31
254,991,372,1,41238.62,45
255,724,215,1,2778.28,40
256,406,114,3,51682.92,31
257,175,566,2,29617.17,36
258,689,579,2,43205.0,8
259,764,67,2,58162.03,36
260,877,234,-5,48086.68,17
261,197,24,5,28760.79,43
262,574,465,1,33617.79,41
263,690,54,3,28207.56,26
264,281,125,5,18547.2,23
265,530,45,2,15367.86,26
266,546,460,3,38683.74,12
267,343,84,5,36149.77,47
268,232,434,1,30758.95,12
269,169,338,3,54376.51,40
270,100,29,4,27449.97,1
271,607,343,3,45845.07,30
272,245,349,1,1364.96,33
273,814,243,1,24687.69,39
274,450,98,4,47232.01,5
275,998,63,1,53918.84,44
276,67,131,-1,30892.91,28
277,57,309,5,67084.56,4
278,105,58,5,3176.15,24
279,412,99,5,26469.66,14
280,886,11,4,15361.34,50
281,439,104,3,20215.12,43
282,802,27,4,40844.66,37
283,198,111,1,41593.79,45
284,70,199,5,4304.02,32
285,263,364,4,60040.51,39
286,456,191,2,17569.7,2
287,62,131,3,28075.73,32
288,983,367,3,5351.92,34
289,795,150,2,17686.14,38
290,352,299,3,54197.09,33
291,601,149,1,51527.31,35
292,880,56,-4,42005.45,12
293,656,207,1,50321.24,42
294,488,479,-5,6404.05,37
295,580,344,-5,14209.49,21
296,167,108,4,58701.25,2
297,508,225,1,57128.97,44
298,236,478,-5,37119.41,30
299,753,340,4,42608.16,11
300,846,7,3,52474.05,22
301,31,569,-1,25864.98,28
302,200,600,3,41043.97,1
303,204,203,3,44513.91,16
304,737,179,3,41237.3,15
305,183,201,1,35548.74,16
306,933,104,1,21288.16,8
307,389,114,3,57397.79,19
308,468,246,3,20577.75,42
309,176,540,5,20429.24,45
310,67,122,2,72257.51,8
311,814,195,2,62279.9,44
312,384,326,5,47526.84,40
313,251,48,5,64868.71,34
314,302,153,3,16076.06,40
315,815,287,2,35283.95,37
316,908,501,2,47539.97,50
317,482,67,2,62973.83,48
318,904,522,-3,3111.47,29
319,184,330,3,23644.05,30
320,733,507,4,19806.12,25
321,654,598,1,41056.17,12
322,463,241,4,17805.76,27
323,911,387,5,17510.28,23
324,261,564,1,52221.83,5
325,303,456,5,21842.15,37
326,43,477,5,25155.34,27
327,462,479,4,5876.71,31
328,325,280,4,30529.45,28
329,240,272,1,14740.22,5
330,302,514,5,8484.05,5
331,805,284,2,6493.48,4
332,369,40,5,34150.54,12
333,692,338,3,59013.58,49
334,700,282,2,60362.39,8
335,876,557,3,41299.79,19
336,289,355,4,56181.31,37
337,776,13,4,55379.58,48
338,975,153,4,15970.97,46
339,768,215,4,2813.77,37
340,805,566,4,30161.53,29
341,349,88,3,58348.7,27
342,789,428,2,55030.97,35
343,31,384,2,11396.3,8
344,313,10,4,47242.48,22
345,348,231,4,45840.9,48
346,414,551,3,19052.7,1
347,582,33,2,18229.29,21
348,582,588,4,17469.01,13
349,972,401,1,32864.91,12
350,487,112,3,15979.49,28
351,655,312,1,16161.53,43
352,567,182,1,55050.97,38
353,501,28,2,31347.61,24
354,291,211,2,21542.53,33
355,72,466,-1,278.7,0
356,176,335,4,12426.17,7
357,133,550,4,7908.91,4
358,399,212,2,43324.02,19
359,443,487,2,9696.74,19
360,602,208,5,34617.04,29
361,283,207,1,60893.7,28
362,66,409,5,7665.32,33
363,337,583,4,11412.16,36
364,41,94,3,6542.43,29
365,356,305,4,4651.5,11
366,426,256,2,14677.02,46
367,443,469,4,19768.48,11
368,716,583,-1,11175.21,2
369,246,162,3,49310.68,34
370,299,69,2,61817.67,26
371,781,567,1,28761.33,4
372,774,108,5,56927.54,20
373,420,462,2,29455.93,32
374,46,474,1,151.02,44
375,692,473,-4,57515.68,25
376,877,200,4,23238.37,16
377,118,140,3,16598.26,29
378,497,473,1,52661.27,42
379,249,449,2,63758.47,17
380,862,166,2,54800.52,38
381,103,182,3,44240.44,47
382,401,173,1,61508.53,0
383,694,280,2,35105.92,11
384,222,36,5,44201.8,44
385,49,536,1,21841.79,19
386,455,54,5,24415.15,49
387,387,207,2,50859.89,15
388,205,94,1,6109.74,0
389,346,197,1,1914.55,6
390,817,172,2,7681.13,32
391,111,335,3,13102.45,12
392,640,213,5,639.14,27
393,124,238,2,52108.48,20
394,178,16,-4,45050.86,0
395,399,218,4,36343.34,42
396,835,286,5,7361.27,4
397,907,224,4,19523.29,38
398,512,105,5,59170.88,36
399,176,258,1,15661.02,40
400,714,398,2,11191.98,40
401,780,326,4,42115.37,1
402,624,600,4,46016.23,40
403,760,239,5,45157.07,0
404,239,22,5,51075.35,7
405,317,243,4,24558.13,39
406,82,62,2,14475.94,18
407,207,156,4,17551.92,2
408,244,455,3,45299.12,20
409,660,41,5,34229.53,26
410,664,296,1,26789.64,46
411,340,351,2,36684.13,3
412,929,255,2,62806.66,24
413,534,330,2,23044.08,0
414,67,504,1,21326.78,3
415,650,145,2,2237.75,11
416,607,563,2,11906.71,5
417,437,479,3,5421.31,12
418,251,435,2,28470.56,19
419,293,591,4,68327.58,12
420,279,493,1,18452.57,23
421,408,387,2,19398.54,27
422,518,444,2,12127.56,50
423,494,21,4,7043.4,5
424,778,308,5,14387.05,35
425,745,180,3,38362.06,19
426,465,291,4,49437.88,30
427,74,342,2,58167.46,12
428,159,195,1,52419.24,32
429,748,384,4,10803.96,26
430,963,405,3,49589.21,19
431,657,73,4,14214.0,7
432,395,580,2,14683.54,27
433,981,262,3,39348.52,31
434,651,378,1,7075.72,27
435,754,253,2,30563.91,23
436,647,29,2,25978.09,29
437,967,151,3,44590.8,37
438,975,166,1,43778.33,5
439,660,394,4,12392.22,5
440,531,194,4,48145.25,27
441,259,310,5,23812.94,42
442,908,392,5,26405.95,26
443,771,92,1,26320.22,49
444,817,353,2,27779.81,13
445,953,408,3,33818.66,10
446,836,504,1,16393.12,49
447,714,428,5,54654.07,18
448,751,442,2,4945.92,11
449,721,138,2,2941.78,32
450,972,113,4,45042.81,13
451,191,206,1,60509.04,48
452,197,266,4,45892.98,39
453,112,171,1,42274.65,24
454,128,284,1,7049.14,37
455,241,490,4,47042.55,6
456,10,63,3,60373.87,0
457,682,597,1,37002.23,33
458,811,8,4,24718.22,48
459,273,498,4,27151.48,38
460,440,345,3,34779.94,21
461,323,246,3,19742.91,24
462,626,59,3,55637.05,6
463,4,468,4,27726.72,8
464,27,126,5,46006.91,44
465,770,255,3,59886.24,43
466,675,487,5,9145.7,12
467,4,330,1,24425.82,2
468,993,334,4,33070.06,31
469,410,84,3,32291.04,30
470,675,103,4,11787.13,12
471,730,147,5,28968.36,50
472,878,517,1,56124.08,50
473,90,309,5,74258.28,29
474,173,457,1,10992.0,34
475,247,250,2,34324.25,42
476,717,92,1,24755.65,45
477,30,165,3,49654.4,49
478,288,226,3,36432.64,42
479,127,140,5,16419.93,31
480,93,341,2,72924.49,49
481,947,67,3,60430.55,45
482,761,391,5,28327.49,27
483,828,239,2,40714.05,18
484,90,115,1,49546.2,37
485,960,193,1,41550.79,8
486,874,321,4,6273.17,0
487,319,64,5,30282.4,24
488,434,328,3,39233.79,50
489,130,533,5,66667.96,6
490,405,10,5,47799.25,20
491,149,304,2,27324.74,29
492,151,291,2,52198.01,44
493,36,328,3,35969.69,44
494,127,281,5,53328.16,13
495,507,299,4,40918.92,21
496,157,216,2,13543.95,3
497,946,184,4,36048.43,19
498,835,164,1,62632.43,21
499,433,485,3,25874.77,25
500,74,541,3,25121.96,12
501,718,562,4,14823.32,20
502,771,595,1,24326.65,45
503,312,469,2,17966.64,28
504,713,495,3,61871.15,13
505,224,201,1,37810.24,36
506,105,152,4,36797.56,27
507,696,173,1,51165.2,30
508,184,54,1,33062.19,41
509,347,445,2,52208.17,25
510,251,35,1,49774.32,31
511,310,177,4,15922.26,50
512,687,92,4,28097.99,41
513,392,282,4,54452.7,7
514,120,85,1,61825.21,42
515,931,522,2,2655.98,36
516,587,492,3,26534.86,6
517,814,186,4,58919.91,41
518,720,445,3,51349.37,6
519,334,66,5,24586.08,44
520,21,404,5,38193.16,50
521,832,543,4,35902.46,37
522,552,128,2,16142.66,7
523,186,185,1,38903.87,20
524,126,41,2,32135.25,41
525,166,90,5,42588.14,48
526,36,87,1,32715.47,23
527,990,558,2,6581.14,42
528,1,255,3,52297.37,33
529,927,301,5,34847.4,36
530,503,321,5,6902.7,22
531,621,552,5,9430.06,6
532,679,46,2,451.09,9
533,307,221,2,26990.42,13
534,606,368,3,25227.91,39
535,433,77,5,29756.92,24
536,666,168,4,1786.52,16
537,693,436,2,45611.37,4
538,645,276,2,47580.78,36
539,674,524,5,43196.87,9
540,324,445,4,42915.71,38
541,254,80,3,36342.25,7
542,701,562,4,14660.05,40
543,92,372,3,48005.43,9
544,890,232,3,13452.25,24
545,993,228,4,22881.64,50
546,948,127,2,474.47,19
547,603,502,1,38572.95,44
548,586,289,5,3602.39,6
549,919,50,2,9762.02,48
550,399,186,3,64784.1,43
551,992,545,5,15940.32,25
552,489,131,3,23234.18,32
553,731,160,2,36924.22,36
554,754,274,1,26473.9,40
555,998,380,2,6269.49,26
556,724,469,2,17220.37,22
557,818,480,-5,29023.07,27
558,534,235,3,62341.73,5
559,971,313,4,30160.53,5
560,650,82,1,31529.07,5
561,170,590,1,45740.71,18
562,568,505,-1,29955.16,27
563,694,521,2,32930.04,32
564,702,546,1,44260.17,39
565,195,8,4,25452.52,47
566,354,251,5,62182.49,2
567,622,460,2,48081.91,48
568,537,231,2,40780.1,8
569,527,362,1,41803.34,24
570,175,383,1,55916.58,43
571,256,553,1,36729.81,30
572,301,272,2,13048.35,40
573,583,404,2,39323.64,41
574,528,37,4,4506.57,31
575,59,365,1,16288.57,21
576,306,363,1,52984.17,46
577,191,412,3,26695.07,27
578,504,203,1,49917.27,9
579,421,127,4,399.23,49
580,673,257,2,41650.47,23
581,307,374,4,6109.71,34
582,832,276,1,51356.6,42
583,860,450,2,43454.63,47
584,445,6,3,50208.77,45
585,204,114,2,47257.5,8
586,405,432,3,22969.11,10
587,683,204,4,34688.62,17
588,122,432,4,20761.7,43
589,732,131,3,29478.18,49
590,903,410,5,35570.19,47
591,864,399,2,53939.65,6
592,812,22,2,42292.41,32
593,14,243,1,24005.41,21
594,440,9,4,17916.56,18
595,498,85,4,57216.38,9
596,747,524,2,44463.16,49
597,118,270,2,12736.87,27
598,204,486,1,53417.76,32
599,626,186,2,68181.12,37
600,645,153,2,15396.42,25
601,40,281,2,60775.2,27
602,19,205,1,10307.82,24
603,418,538,3,21314.78,14
604,228,345,4,32726.05,32
605,438,53,3,15647.85,23
606,288,360,4,54033.57,3
607,187,42,1,20669.97,47
608,330,218,3,39426.46,38
609,104,442,-2,5074.14,31
610,373,343,3,43770.53,42
611,14,566,2,26762.79,47
612,830,371,5,23417.61,23
613,244,283,2,35284.97,5
614,909,109,-2,3082.5,38
615,124,43,5,60058.99,41
616,838,196,2,53023.85,6
617,77,560,5,50972.57,46
618,486,207,5,56493.77,2
619,131,197,4,2127.2,16
620,913,574,3,57972.82,28
621,645,121,4,3107.96,26
622,537,516,1,15951.94,17
623,714,133,3,1028.86,36
624,63,195,4,61567.86,34
625,892,526,1,33376.43,48
626,522,394,5,12655.06,25
627,622,279,2,26762.72,10
628,586,224,5,22051.64,50
629,526,467,5,43952.95,33
630,266,311,2,53403.11,17
631,566,122,2,59153.62,34
632,244,299,1,49380.08,17
633,950,137,3,39494.42,3
634,658,255,2,61432.57,0
635,665,356,5,28170.88,20
636,86,563,3,13843.51,26
637,920,302,3,34491.7,40
638,836,11,3,14554.33,17
639,181,263,1,65032.52,49
640,962,598,1,48211.75,44
641,392,264,5,30967.83,28
642,226,333,3,51064.78,40
643,828,405,2,50570.52,46
644,744,445,3,44808.4,30
645,96,508,2,28153.48,11
646,194,584,4,26597.0,11
647,664,289,1,3649.02,11
648,838,404,5,31452.52,9
649,74,437,-2,31451.72,41
650,994,413,1,8188.05,8
651,745,13,5,46360.93,24
652,22,113,1,47709.09,41
653,958,45,2,16474.32,5
654,275,147,5,22076.34,0
655,981,109,5,3179.7,21
656,874,88,2,46883.24,48
657,577,455,2,48018.04,30
658,159,250,1,38709.26,17
659,643,557,1,41489.54,2
660,106,558,3,5916.43,26
661,146,2,2,49237.67,27
662,395,151,3,50659.63,14
663,944,394,1,11624.0,7
664,230,105,3,51919.98,39
665,342,122,3,73065.0,5
666,918,45,5,15940.04,27
667,544,343,5,44838.76,27
668,154,309,5,70887.21,22
669,897,107,3,11434.56,42
670,378,272,1,16777.73,9
671,797,151,3,43108.6,28
672,739,490,1,39350.93,27
673,983,286,2,6703.89,8
674,187,395,3,45143.78,27
675,493,424,5,27643.44,21
676,142,252,4,3446.63,31
677,552,547,4,17949.36,14
678,394,86,5,45219.56,33
679,592,225,1,50325.39,0
680,209,18,3,1174.45,8
681,944,113,1,49717.65,23
682,870,143,3,62978.68,35
683,996,432,2,18626.56,14
684,58,142,1,40604.04,45
685,147,387,1,20756.19,27
686,381,56,1,46335.65,4
687,489,162,1,39324.23,9
688,81,251,1,50021.5,26
689,154,187,4,10809.73,47
690,541,307,4,2917.97,21
691,455,14,3,45154.59,3
692,903,33,-5,21980.01,32
693,165,12,4,5049.64,43
694,971,466,5,309.33,16
695,942,586,5,51159.44,14
696,434,161,3,50638.32,33
697,387,129,2,38413.64,3
698,225,402,2,47110.31,35
699,620,80,4,40802.44,41
700,658,415,4,20380.66,23
701,663,435,2,25620.56,6
702,80,372,5,48015.31,21
703,29,246,3,16838.96,6
704,67,217,5,27899.51,19
705,193,565,2,63864.08,2
706,247,276,1,51182.1,36
707,46,578,4,3381.32,20
708,96,317,1,22542.54,48
709,290,408,5,36130.93,48
710,401,365,2,16710.25,6
711,340,418,5,36987.43,49
712,154,25,5,64530.05,30
713,601,39,3,56388.17,43
714,475,81,-1,26159.55,14
715,906,221,-2,28332.49,10
716,987,514,5,9630.89,38
717,668,536,3,22237.25,8
718,348,298,3,8123.05,27
719,41,397,2,6844.34,39
720,622,77,2,32845.86,31
721,100,16,2,46537.45,19
722,561,90,4,40284.39,20
723,174,303,2,52842.54,36
724,373,362,1,37170.87,45
725,791,472,3,58606.79,16
726,782,453,2,43447.59,36
727,500,41,3,34879.21,25
728,419,133,4,1147.11,39
729,975,322,3,21444.63,26
730,519,461,3,51652.27,43
731,44,59,2,52975.31,35
732,9,159,1,16784.82,10
733,584,409,1,6405.89,29
734,686,96,3,37534.05,41
735,548,477,1,21160.91,46
736,111,407,4,38831.93,21
737,67,325,3,15988.61,31
738,218,488,1,10041.39,2
739,559,160,4,36960.52,13
740,328,582,1,63304.46,49
741,390,64,3,32623.04,30
742,219,56,2,49122.69,48
743,701,434,3,25181.53,11
744,86,146,1,53584.74,5
745,306,463,4,24653.97,42
746,915,266,2,51499.83,5
747,917,439,3,36067.16,19
748,169,204,3,34522.58,30
749,487,549,2,12339.19,27
750,364,585,4,25223.98,35
751,802,204,1,32472.72,37
752,632,149,3,58886.73,46
753,761,325,1,12378.44,29
754,957,152,4,35941.39,7
755,812,417,3,3047.87,0
756,462,129,4,41321.9,37
757,100,38,2,28803.72,12
758,431,560,-2,55225.29,13
759,357,215,2,3509.75,36
760,979,15,3,70388.36,1
761,310,315,5,49746.57,7
762,717,512,4,44833.68,22
763,361,556,4,2161.6,48
764,344,117,2,45692.25,23
765,182,567,5,22367.11,27
766,391,292,4,23407.18,44
767,636,102,1,22064.49,6
768,92,17,5,26479.05,6
769,509,558,1,7017.67,32
770,596,34,3,49519.66,13
771,229,466,5,279.81,12
772,877,481,1,32271.52,50
773,936,476,4,6961.41,41
774,721,406,1,43879.31,50
775,230,520,3,53983.81,42
776,271,315,4,47715.05,0
777,922,425,1,41638.97,9
778,810,384,5,12226.93,38
779,326,344,2,17282.51,27
780,248,570,4,36485.35,41
781,403,53,5,17393.42,40
782,400,178,4,57793.82,33
783,163,448,2,43341.18,8
784,517,122,5,70299.43,48
785,643,267,5,46032.05,20
786,209,96,1,32395.83,0
787,644,157,1,28781.34,34
788,943,81,5,22129.71,47
789,752,134,4,19811.93,49
790,367,192,2,11588.9,14
791,305,199,5,5373.26,46
792,799,388,3,64389.55,17
793,85,148,1,51082.26,37
794,888,106,1,56264.99,38
795,126,110,2,14498.52,11
796,96,80,4,45444.84,13
797,401,104,4,21074.15,26
798,76,499,1,35212.25,26
799,385,322,4,26932.07,11
800,306,11,2,16712.94,40
801,622,33,1,23391.2,22
802,496,560,1,47931.75,47
803,261,125,2,19351.71,34
804,24,531,5,20575.07,13
805,888,374,1,6120.41,1
806,336,142,2,30993.43,44
807,963,130,3,14463.1,12
808,977,95,3,50092.84,41
809,302,479,4,5927.15,25
810,945,198,3,28293.02,43
811,867,288,4,7627.52,50
812,785,320,2,23504.64,46
813,500,444,4,10782.62,47
814,279,327,5,34587.48,24
815,440,205,5,8849.25,40
816,840,66,4,24438.3,2
817,982,524,3,49464.71,18
818,619,544,3,35807.9,7
819,185,331,4,56881.74,22
820,252,75,2,10094.9,23
821,149,322,1,20885.65,44
822,12,337,2,60679.15,50
823,330,239,5,38104.61,18
824,617,218,5,36311.13,35
825,285,77,5,36071.76,26
826,699,446,3,8194.71,12
827,202,51,-4,50502.36,17
828,432,123,1,20500.87,38
829,335,393,2,40183.4,18
830,19,590,1,59086.66,18
831,135,413,1,8592.29,33
832,41,346,1,36001.79,6
833,850,426,3,48388.93,48
834,355,410,1,33835.22,20
835,506,49,4,13212.11,29
836,506,125,3,21263.71,6
837,30,230,1,41786.8,8
838,108,331,4,47812.6,5
839,196,378,5,7780.31,44
840,889,54,3,32202.84,2
841,114,50,3,8988.97,21
842,705,389,3,13598.58,8
843,598,472,1,45118.73,9
844,772,599,4,39950.03,42
845,126,535,5,55775.22,30
846,678,502,3,36137.28,46
847,495,232,1,14690.06,18
848,729,85,3,63147.84,15
849,676,211,1,20012.71,31
850,62,218,1,41854.66,29
851,839,395,2,47619.59,21
852,214,541,5,29894.68,48
853,968,320,4,22584.04,32
854,109,134,2,21464.07,24
855,999,464,5,26371.73,49
856,410,193,1,37861.92,10
857,703,315,5,47367.74,9
858,473,110,1,14298.19,29
859,192,274,1,23282.68,33
860,464,361,3,53024.51,35
861,87,363,4,56963.27,25
862,515,442,5,5211.84,28
863,280,379,1,25189.19,24
864,750,433,2,11243.24,25
865,181,283,5,35529.64,33
866,444,112,1,16349.34,7
867,225,118,-1,55666.65,36
868,273,245,1,62669.0,17
869,232,415,4,21975.28,14
870,752,275,4,7093.01,50
871,209,356,3,26154.95,18
872,752,4,1,42684.62,44
873,638,489,3,45307.56,44
874,245,175,3,48734.81,10
875,192,341,4,57278.13,0
876,683,486,4,47735.83,11
877,998,271,1,54673.28,48
878,874,10,5,41161.92,30
879,598,2,4,64311.03,30
880,113,47,1,26669.68,18
881,856,234,5,44966.24,48
882,151,97,1,59122.51,47
883,344,464,4,28160.44,34
884,264,499,3,37043.97,0
885,848,362,3,45590.55,33
886,794,496,1,36705.1,33
887,746,22,2,54273.2,14
888,676,146,3,57552.81,15
889,592,442,3,4996.47,5
890,199,387,1,22378.38,40
891,696,558,4,7751.49,33
892,180,272,3,17247.75,25
893,604,428,3,52798.49,2
894,594,533,3,71525.13,7
895,444,466,5,332.27,50
896,356,296,1,33448.45,31
897,950,151,4,51039.85,33
898,990,297,5,45213.34,10
899,311,499,3,33479.41,18
900,16,465,1,27049.32,37
901,127,55,-4,7064.44,27
902,361,1,1,59784.69,22
903,900,291,5,50978.03,49
904,575,159,1,19117.28,9
905,751,202,4,49009.89,5
906,298,225,1,54337.41,22
907,255,396,4,20609.97,6
908,915,268,3,57330.37,11
909,578,447,3,58550.32,8
910,700,205,3,8229.75,35
911,205,309,3,56343.13,36
912,950,473,5,54535.73,50
913,897,448,1,43934.84,28
914,711,321,5,6948.14,45
915,367,480,3,30369.17,26
916,985,421,4,35026.5,35
917,28,432,1,22056.0,39
918,929,310,2,21331.77,23
919,131,557,5,54314.21,3
920,774,403,2,28387.11,0
921,474,531,4,21033.56,5
922,57,277,1,39433.68,6
923,842,298,5,7781.12,21
924,886,63,1,60178.6,43
925,524,55,2,7550.94,35
926,759,508,2,26084.58,43
927,656,159,3,18648.3,46
928,960,7,4,64143.74,12
929,118,69,1,49049.19,7
930,533,100,2,41562.49,30
931,26,518,4,32145.86,7
932,308,415,4,26099.28,15
933,862,560,3,58863.25,43
934,450,127,4,419.41,1
935,190,146,2,51757.24,47
936,717,560,2,53168.77,18
937,297,103,5,12558.13,42
938,282,401,4,34497.53,6
939,476,427,-4,11516.17,18
940,469,124,5,21135.88,37
941,311,35,5,53163.06,22
942,986,143,4,71257.82,29
943,284,10,2,41236.28,32
944,216,358,5,53116.7,4
945,179,156,3,20234.55,36
946,348,471,2,46196.09,48
947,675,311,4,49403.55,41
948,496,386,4,4372.03,11
949,590,520,5,53833.84,44
950,332,595,3,22533.7,25
951,70,47,1,28959.09,10
952,238,99,1,24560.91,43
953,488,332,2,27758.37,46
954,815,243,1,25556.27,11
955,746,394,4,13167.82,3
956,627,257,1,36047.24,47
957,75,453,3,39523.05,1
958,946,179,3,32756.39,28
959,387,137,5,36040.09,12
960,259,503,4,2862.9,14
961,207,166,4,54423.96,50
962,197,89,5,28049.82,42
963,99,209,1,35484.43,0
964,369,418,5,42768.13,4
965,349,190,5,41277.52,13
966,585,486,5,48015.24,39
967,922,573,2,45699.61,28
968,438,386,1,4324.23,8
969,802,530,3,31587.27,31
970,237,53,5,18003.1,1
971,230,297,3,42921.14,22
972,70,162,3,38345.37,36
973,248,531,5,19046.06,25
974,634,59,5,52941.11,7
975,597,483,3,9114.59,2
976,347,432,3,18562.22,48
977,61,143,2,64679.46,46
978,338,64,2,29894.86,36
979,927,37,3,4616.14,26
980,613,83,5,5074.18,8
981,278,43,1,44993.4,32
982,231,359,4,57774.01,50
983,871,234,1,50883.6,1
984,793,201,5,40797.83,24
985,699,19,5,47980.62,24
986,785,387,2,19151.62,27
987,563,142,1,34871.22,39
988,926,377,3,55521.54,27
989,941,60,2,7260.92,37
990,11,233,4,30928.63,50
991,550,582,1,63357.44,0
992,895,256,1,11366.2,8
993,450,185,3,32888.25,22
994,617,251,3,52144.39,25
995,491,126,1,42922.7,34
996,211,507,3,23935.58,14
997,455,310,3,22612.1,18
998,890,251,5,65965.15,20
999,715,555,5,29367.72,22
1000,923,421,5,40808.63,5
1001,209,141,5,45135.19,47
1002,567,216,1,12256.38,50
1003,146,37,2,4266.36,41
1004,783,465,1,25262.31,2
1005,277,285,5,9499.85,5
1006,62,286,5,7396.57,1
1007,884,392,4,27580.68,14
1008,211,389,2,13445.83,34
1009,54,313,1,28198.45,22
1010,960,27,5,43810.8,21
1011,945,269,5,19535.93,1
1012,350,445,4,54614.38,47
1013,771,59,1,50726.36,46
1014,955,295,5,62880.31,36
1015,737,582,5,50979.79,24
1016,479,244,2,42014.67,17
1017,819,281,1,61926.71,49
1018,556,303,3,62272.66,2
1019,631,281,3,49866.83,16
1020,802,13,1,49731.21,42
1021,329,271,2,59785.15,1
1022,451,10,4,36980.37,22
1023,492,570,2,39162.87,37
1024,962,82,3,33042.95,35
1025,322,66,4,24543.47,49
1026,806,283,3,38298.06,8
1027,233,179,2,41509.02,41
1028,51,239,1,46065.39,11
1029,701,519,4,11224.9,2
1030,567,234,-1,51166.37,16
1031,999,264,1,32164.09,22
1032,554,46,5,483.14,6
1033,80,520,4,51221.18,4
1034,243,209,3,33095.79,43
1035,426,74,4,69493.61,9
1036,26,335,5,13996.94,21
1037,999,418,3,41783.49,18
1038,637,32,2,24942.22,18
1039,953,154,-5,4483.56,38
1040,217,321,5,6534.98,47
1041,521,596,3,54086.21,24
1042,851,597,1,44283.73,9
1043,391,81,1,26200.58,14
1044,579,516,5,18486.09,46
1045,429,552,1,11461.95,33
1046,818,53,5,17629.92,33
1047,533,452,3,46862.57,36
1048,301,250,3,35178.0,49
1049,371,237,4,32267.99,7
1050,710,247,4,45740.3,26
1051,371,82,3,29993.4,4
1052,937,371,4,23962.94,28
1053,806,429,2,40634.45,8
1054,948,551,2,21842.2,26
1055,691,599,2,39580.15,50
1056,294,350,3,52668.03,26
1057,432,518,2,34042.42,40
1058,903,203,2,55204.31,0
1059,171,124,4,20287.24,35
1060,729,482,1,40051.31,2
1061,854,442,1,5814.04,4
1062,136,528,5,72011.47,27
1063,363,131,4,29022.16,15
1064,730,301,1,33668.21,21
1065,606,111,1,42519.3,22
1066,973,460,4,47468.48,47
1067,855,447,3,57780.72,44
1068,138,188,5,68550.94,32
1069,86,156,1,19863.96,23
1070,691,465,4,27989.26,11
1071,521,287,1,29217.26,31
1072,350,50,5,10397.38,33
1073,594,521,4,30947.92,24
1074,327,183,2,35907.29,47
1075,904,216,4,12832.4,36
1076,901,322,1,23441.55,10
1077,122,295,3,63332.97,14
1078,907,174,3,71395.43,16
1079,621,109,2,3116.13,9
1080,99,212,5,42945.17,48
1081,173,29,5,31509.67,34
1082,551,200,1,26994.41,1
1083,379,209,3,36798.12,36
1084,437,456,5,20254.84,29
1085,303,113,1,43376.84,27
1086,506,270,1,13475.7,17
1087,750,120,3,58071.46,47
1088,813,228,1,19020.42,32
1089,344,283,4,35774.9,32
1090,689,76,3,11259.28,2
1091,444,103,5,11878.77,35
1092,677,37,1,3706.6,37
1093,386,226,2,32159.55,9
1094,497,192,4,10328.95,12
1095,651,91,5,44049.57,47
1096,220,4,4,40971.21,35
1097,626,214,-2,49233.19,44
1098,270,390,5,522.55,22
1099,496,544,2,41262.53,14
1100,897,300,4,63413.33,40
1101,402,366,5,21522.48,6
1102,225,116,3,40691.03,28
1103,334,254,4,56052.83,29
1104,980,327,1,37492.65,25
1105,722,132,4,60099.66,31
1106,616,422,2,24080.83,17
1107,520,221,4,22631.71,49
1108,331,268,3,54147.69,28
1109,436,409,3,7891.13,17
1110,498,225,3,57086.81,2
1111,316,459,4,54608.59,10
1112,549,212,1,44250.57,39
1113,626,338,-2,64856.45,1
1114,974,22,4,41342.07,45
1115,342,362,5,37069.82,3
1116,532,216,3,12896.53,10
1117,859,549,4,11987.62,14
1118,298,166,3,47058.14,13
1119,567,255,1,52108.63,1
1120,774,540,1,18290.7,50
1121,497,44,2,50337.27,1
1122,236,254,1,59116.55,7
1123,833,387,4,17353.59,47
1124,898,277,1,36147.55,32
1125,740,426,1,44230.53,34
1126,620,156,1,20709.48,50
1127,401,199,5,5401.47,50
1128,332,436,5,48492.76,19
1129,281,470,2,32986.62,41
1130,591,483,4,8145.09,5
1131,228,417,5,2822.23,18
1132,930,547,5,16375.27,1
1133,509,404,3,37606.87,45
1134,111,464,-2,26892.26,1
1135,407,238,4,56924.27,36
1136,112,319,3,7860.91,40
1137,1000,86,1,43209.29,13
1138,886,502,5,35290.96,9
1139,413,485,5,25618.93,36
1140,779,239,1,47591.72,16
1141,422,319,3,9736.79,2
1142,330,579,5,48440.71,0
1143,275,215,5,3342.79,34
1144,512,321,2,5792.2,45
1145,495,527,5,65110.0,46
1146,84,108,4,55838.32,24
1147,131,14,2,51603.98,7
1148,171,203,4,55102.98,7
1149,40,435,4,24778.99,33
1150,499,144,5,51442.77,0
1151,304,121,4,4131.59,46
1152,945,278,5,13666.44,23
1153,578,170,2,42844.26,43
1154,210,381,5,52657.19,30
1155,474,216,3,14433.71,46
1156,873,139,2,48973.04,30
1157,11,326,4,43785.21,30
1158,69,6,3,47692.35,12
1159,711,97,5,62103.05,6
1160,63,480,5,27777.15,22
1161,652,573,2,39823.88,0
1162,951,198,3,29369.66,27
1163,599,314,3,63555.57,25
1164,957,261,5,57723.75,42
1165,208,80,5,36693.72,46
1166,222,287,2,29517.77,6
1167,130,535,5,63315.81,24
1168,339,590,5,54134.84,47
1169,893,485,2,21525.45,50
1170,238,222,1,10211.66,39
1171,151,147,2,25766.79,0
1172,332,80,1,36498.43,28
1173,436,484,3,5564.96,48
1174,121,247,5,41280.9,49
1175,395,486,-3,47390.78,33
1176,325,544,1,41323.9,13
1177,979,171,3,48084.53,27
1178,574,453,4,40565.91,16
1179,702,124,5,24571.64,41
1180,357,183,1,46507.45,29
1181,790,355,4,45053.4,35
1182,898,196,4,47951.87,47
1183,11,201,4,37795.25,12
1184,6,318,3,32039.52,23
1185,938,260,5,57892.1,38
1186,280,35,3,56444.81,25
1187,45,260,3,53220.24,36
1188,844,32,4,29972.82,40
1189,466,503,2,2691.4,41
1190,769,559,1,3543.56,1
1191,628,157,2,30941.7,8
1192,85,430,1,47468.61,40
1193,728,64,3,26244.32,34
1194,285,199,5,5219.11,21
1195,858,325,2,15601.48,37
1196,740,376,5,17582.61,42
1197,413,427,1,11185.52,48
1198,514,152,3,28181.6,28
1199,46,283,5,31203.96,32
1200,420,178,1,48414.91,35
1201,360,121,3,3547.55,44
1202,89,580,4,14154.56,5
1203,187,89,2,31014.89,40
1204,989,21,2,7844.39,13
1205,654,384,4,9696.77,46
1206,966,253,3,33968.87,41
1207,966,196,2,46973.89,24
1208,723,294,2,17478.12,36
1209,324,424,2,27969.32,17
1210,905,205,2,10635.59,16
1211,715,451,3,15024.4,22
1212,593,373,3,20908.0,33
1213,461,175,1,52544.23,37
1214,395,160,5,42362.53,44
1215,445,356,3,22382.86,44
1216,992,516,5,19577.28,50
1217,276,93,5,3823.66,16
1218,224,479,3,5174.43,7
1219,530,191,4,17582.73,37
1220,331,382,5,25960.55,37
1221,923,35,3,57436.92,40
1222,368,9,2,17590.5,21
1223,345,103,2,14185.27,19
1224,167,479,5,5462.25,1
1225,450,468,5,26535.91,27
1226,749,409,4,7722.48,16
1227,741,383,5,55915.13,43
1228,411,308,1,16284.65,14
1229,782,520,1,56727.66,49
1230,276,592,4,9990.22,10
1231,525,171,3,50519.04,44
1232,966,537,2,56219.12,36
1233,770,143,2,66961.31,50
1234,983,56,1,41536.45,49
1235,145,355,4,47823.3,29
1236,1,152,2,36126.89,19
1237,315,83,2,4692.94,13
1238,448,93,2,3151.62,35
1239,866,384,1,11053.25,22
1240,103,483,5,9204.46,44
1241,218,484,4,6528.97,45
1242,249,99,4,21757.22,48
1243,958,137,4,38403.1,18
1244,840,435,5,26671.97,4
1245,356,501,5,37964.4,38
1246,183,241,3,18667.6,32
1247,843,2,5,59446.75,25
1248,937,80,2,36512.4,12
1249,46,217,3,32188.28,21
1250,394,185,4,34148.2,19
1251,397,493,1,15012.39,26
1252,184,168,4,1912.61,6
1253,477,85,3,65582.33,6
1254,672,415,1,20353.11,8
1255,589,520,4,61473.99,0
1256,498,412,4,34073.07,19
1257,436,265,1,11011.27,28
1258,515,382,4,28733.58,34
1259,996,374,1,5930.72,27
1260,545,393,-1,35036.96,21
1261,971,265,2,10719.91,39
1262,746,466,4,250.09,18
1263,41,125,4,18510.67,3
1264,911,379,3,28577.89,43
1265,304,25,5,54906.53,18
1266,366,428,1,55170.58,19
1267,652,37,5,3540.53,46
1268,38,545,4,14291.35,5
1269,548,97,2,67294.0,40
1270,506,442,3,5231.52,29
1271,706,250,5,39009.46,2
1272,79,335,3,11030.43,38
1273,742,104,4,19393.13,46
1274,81,346,3,40510.24,1
1275,189,264,1,33650.77,27
1276,989,120,2,54268.06,19
1277,631,527,5,65030.45,15
1278,711,51,3,51663.39,13
1279,779,448,3,53186.28,49
1280,191,284,5,7799.81,38
1281,409,186,3,55066.62,26
1282,213,20,4,32524.8,17
1283,274,474,5,189.38,40
1284,326,100,2,41851.33,45
1285,333,227,1,24848.78,46
1286,730,472,-5,49738.01,38
1287,337,555,4,33187.12,35
1288,13,352,3,48828.59,28
1289,156,474,4,158.37,44
1290,175,400,3,52440.88,42
1291,873,586,1,56605.95,35
1292,354,86,2,45651.41,33
1293,379,312,3,19367.0,28
1294,691,479,1,5405.95,37
1295,171,361,5,58814.48,48
1296,24,291,5,52153.11,15
1297,385,551,2,19376.94,7
1298,100,406,2,35217.76,7
1299,585,297,2,49405.82,49
1300,797,411,5,24785.0,48
1301,223,429,5,37078.69,49
1302,372,109,3,2966.43,34
1303,402,231,4,46838.54,29
1304,294,461,2,52314.43,11
1305,410,296,-1,29520.36,21
1306,782,476,2,6533.9,6
1307,393,595,4,25167.57,26
1308,194,30,5,52223.9,39
1309,635,516,1,18317.89,46
1310,419,24,3,28721.09,10
1311,583,484,1,6748.64,1
1312,761,399,5,61514.59,12
1313,871,166,4,47631.76,15
1314,180,484,2,5601.72,18
1315,67,32,-2,26616.35,29
1316,251,455,2,55703.86,29
1317,513,114,5,55868.09,10
1318,251,474,1,147.47,2
1319,699,417,5,3490.36,24
1320,73,428,3,62705.29,34
1321,124,547,1,17435.6,46
1322,62,300,4,70029.9,46
1323,788,41,3,30437.66,32
1324,645,451,4,18698.08,6
1325,150,269,5,23072.52,7
1326,740,174,3,61209.96,21
1327,146,249,4,16166.69,6
1328,338,76,4,11280.68,31
1329,771,251,3,55996.34,44
1330,456,339,4,50591.73,36
1331,282,37,2,3585.49,18
1332,27,227,3,24495.08,45
1333,299,315,2,46242.31,19
1334,487,451,3,15352.27,44
1335,132,151,5,45259.02,24
1336,264,234,1,49773.29,37
1337,311,152,5,27466.59,23
1338,739,521,5,32177.45,39
1339,922,175,3,48200.93,37
1340,874,514,3,8424.05,24
1341,887,497,2,21503.9,30
1342,180,496,4,33597.2,4
1343,351,231,3,42675.49,9
1344,285,123,2,19884.57,29
1345,584,13,5,59349.81,47
1346,208,373,1,18688.74,6
1347,975,338,5,54460.67,35
1348,985,548,5,56540.13,3
1349,458,581,5,48966.03,16
1350,817,188,2,55687.12,45
1351,468,182,1,57404.53,17
1352,566,285,-1,10587.8,46
1353,851,66,2,27414.78,3
1354,213,234,2,46107.01,37
1355,489,476,1,6255.26,50
1356,53,327,1,35663.11,7
1357,453,86,4,38465.51,34
1358,604,221,5,26065.17,36
1359,10,596,4,52931.17,7
1360,738,454,2,42304.67,40
1361,630,468,1,23949.17,26
1362,616,278,4,15039.77,21
1363,520,495,5,51464.41,41
1364,307,271,5,56138.92,17
1365,695,575,5,29408.87,28
1366,115,187,4,8529.18,32
1367,482,508,2,25692.04,48
1368,443,312,1,20332.0,28
1369,351,552,2,9378.31,6
1370,782,238,2,55781.68,19
1371,328,544,4,32448.22,19
1372,950,216,5,13432.0,20
1373,161,197,4,2278.86,10
1374,625,161,3,50415.06,30
1375,670,427,3,11836.27,16
1376,484,311,3,50749.45,21
1377,745,363,3,61533.34,27
1378,577,403,4,24810.34,25
1379,57,419,3,35109.92,8
1380,999,468,3,22096.04,45
1381,208,214,3,53752.28,23
1382,25,330,4,25560.16,20
1383,572,574,2,56423.05,39
1384,516,451,3,15100.63,15
1385,165,334,4,40916.89,37
1386,482,48,4,66821.68,45
1387,499,256,3,15026.72,37
1388,385,61,1,9952.92,21
1389,283,551,3,19746.68,18
1390,114,484,2,6619.21,4
1391,333,424,2,28271.03,37
1392,307,588,2,15509.87,28
1393,252,336,5,54967.0,42
1394,267,571,5,35665.52,44
1395,23,144,1,58791.5,44
1396,729,322,3,27662.82,28
1397,766,220,2,46404.09,14
1398,472,371,3,21061.63,45
1399,266,262,5,42222.05,1
1400,144,123,4,20337.94,31
1401,818,50,5,8942.02,32
1402,383,17,-5,22917.66,2
1403,983,517,3,69039.79,31
1404,290,589,3,32424.54,47
1405,78,579,1,57152.62,49
1406,116,545,2,16912.46,5
1407,588,480,5,32495.67,12
1408,770,75,4,10571.36,29
1409,463,156,3,16771.52,41
1410,590,348,4,34767.29,44
1411,758,443,1,2182.68,18
1412,7,400,1,45881.06,20
1413,438,155,3,23260.93,37
1414,691,335,5,12689.83,42
1415,206,589,3,34904.68,45
1416,889,591,2,54012.68,9
1417,212,316,2,21536.08,34
1418,617,41,2,31796.94,4
1419,336,323,2,54874.31,12
1420,311,168,4,2084.61,14
1421,959,223,3,25444.18,28
1422,127,385,1,17271.69,47
1423,875,214,4,49416.81,28
1424,409,204,2,32923.99,37
1425,835,128,1,16158.14,32
1426,936,593,5,49447.76,48
1427,215,124,4,23500.38,22
1428,768,325,4,12551.18,5
1429,819,520,3,57747.24,32
1430,115,468,1,21998.51,26
1431,410,103,3,12044.76,19
1432,857,67,4,71425.32,41
1433,308,235,1,62614.21,24
1434,897,483,1,9912.91,17
1435,748,332,1,21504.97,15
1436,182,579,1,44165.48,9
1437,144,482,1,39143.23,13
1438,888,301,3,36730.35,10
1439,430,177,2,16646.79,9
1440,760,186,3,66113.86,7
1441,806,167,1,25930.95,19
1442,414,383,3,61058.42,1
1443,803,27,3,34735.03,30
1444,36,148,4,42159.15,24
1445,781,538,2,17966.43,0
1446,358,229,1,16927.14,4
1447,116,488,4,12378.98,34
1448,451,138,5,3235.33,0
1449,319,488,4,12101.06,16
1450,132,331,5,50049.41,39
1451,685,99,4,24510.78,36
1452,201,129,2,39807.71,9
1453,231,85,1,66177.87,18
1454,909,108,2,48180.63,11
1455,748,309,3,68759.1,29
1456,685,533,5,66396.39,17
1457,779,135,3,15357.86,42
1458,149,594,1,65903.87,24
1459,648,50,2,11866.95,0
1460,147,35,2,48460.08,20
1461,12,586,4,54136.08,22
1462,193,592,4,9568.95,13
1463,465,270,5,11892.55,47
1464,287,527,3,55702.54,11
1465,262,350,4,64679.05,29
1466,680,99,-3,26555.12,16
1467,65,375,4,53213.04,34
1468,130,97,2,72099.91,7
1469,124,564,3,52076.42,22
1470,315,464,4,26693.63,5
1471,990,517,2,61383.7,32
1472,200,146,2,62480.48,12
1473,752,363,5,64441.6,9
1474,577,544,5,31812.18,34
1475,372,553,2,41606.43,33
1476,171,384,2,9761.37,10
1477,651,232,2,16040.27,39
1478,435,208,3,27948.2,25
1479,304,400,5,61905.88,30
1480,480,330,2,25059.39,19
1481,1,77,-3,34246.49,42
1482,320,214,5,59034.09,4
1483,61,421,2,36490.76,10
1484,783,249,4,19313.8,41
1485,430,401,5,29451.64,22
1486,73,232,3,14088.71,25
1487,127,600,2,43422.75,9
1488,689,283,3,29215.39,7
1489,534,319,5,7749.1,40
1490,613,483,2,9133.85,19
1491,842,128,5,15174.84,29
1492,158,73,3,14175.82,2
1493,391,262,1,40764.39,27
1494,600,173,4,63073.79,14
1495,536,106,1,65706.01,38
1496,983,372,2,49247.59,42
1497,507,443,-4,1943.87,6
1498,886,287,3,35805.43,40
1499,521,337,4,64483.69,16
1500,366,86,1,37209.19,31
1501,249,600,4,43651.3,27
1502,682,273,1,43715.72,45
1503,500,575,5,34491.17,24
1504,622,532,4,13630.97,6
1505,605,101,5,24156.71,48
1506,245,370,5,43457.2,38
1507,432,404,1,33159.65,50
1508,451,472,5,56681.56,2
1509,963,409,-4,7366.9,1
1510,222,581,2,45310.25,21
1511,102,300,4,69512.99,46
1512,468,260,3,56264.95,22
1513,361,255,3,59775.69,3
1514,333,470,3,40729.88,10
1515,215,572,5,19113.08,47
1516,411,357,2,821.84,5
1517,342,361,5,60787.03,14
1518,325,314,1,69011.24,5
1519,655,416,3,47027.83,40
1520,191,392,2,26032.07,45
1521,498,360,3,64110.73,23
1522,773,164,2,58355.9,7
1523,195,596,3,53630.21,44
1524,658,574,3,55775.65,34
1525,183,408,5,42274.69,12
1526,96,93,5,3976.99,42
1527,415,270,2,12921.63,34
1528,363,407,2,48334.79,6
1529,866,301,5,36212.83,5
1530,332,231,4,51620.81,15
1531,562,159,3,15325.85,14
1532,854,225,2,61113.76,28
1533,664,222,2,7666.4,15
1534,988,22,5,47062.79,28
1535,425,570,5,46475.19,12
1536,423,191,5,20266.43,40
1537,590,397,3,7996.14,23
1538,823,270,4,11632.94,15
1539,328,554,3,5260.01,44
1540,138,330,-2,25593.63,37
1541,132,99,5,26140.04,34
1542,322,108,5,48206.55,22
1543,735,568,2,13908.47,36
1544,857,55,4,7787.99,31
1545,606,447,1,61001.2,10
1546,23,574,4,52630.02,3
1547,918,356,4,27378.92,9
1548,66,363,1,71245.46,17
1549,584,259,1,61131.4,31
1550,442,137,4,32320.36,28
1551,318,552,3,9814.59,36
1552,818,521,4,29510.02,34
1553,698,323,1,59909.39,3
1554,730,367,5,4607.04,4
1555,629,66,5,26502.95,10
1556,751,200,2,31090.76,49
1557,778,184,2,28813.57,31
1558,747,123,3,18172.98,25
1559,588,397,4,7243.3,30
1560,142,352,2,45268.94,22
1561,182,441,3,32025.12,11
1562,267,412,2,28802.3,41
1563,649,84,3,32532.98,6
1564,537,264,1,34049.0,3
1565,571,61,3,10092.58,0
1566,987,542,1,4778.38,24
1567,314,29,5,28583.67,4
1568,979,177,2,15292.89,31
1569,187,549,2,12373.01,6
1570,894,159,5,17245.8,11
1571,913,452,2,50558.98,28
1572,32,40,5,42113.47,50
1573,964,124,3,24809.1,6
1574,358,185,5,38477.33,6
1575,510,198,5,28121.63,39
1576,943,346,4,46972.36,35
1577,852,399,4,69675.62,42
1578,568,68,3,49878.82,9
1579,246,503,-2,2959.09,2
1580,367,61,4,12630.07,42
1581,725,102,5,17628.03,41
1582,329,540,-5,18704.65,34
1583,535,404,5,36327.49,18
1584,329,139,4,52549.79,18
1585,967,437,4,31256.58,5
1586,503,25,4,51941.83,35
1587,496,399,3,61255.79,50
1588,790,295,1,64133.57,2
1589,193,92,3,28309.39,47
1590,922,585,5,20637.67,20
1591,757,50,5,8839.17,19
1592,395,193,3,46444.44,3
1593,844,445,5,50615.97,11
1594,521,380,1,6694.59,6
1595,469,191,2,21066.62,4
1596,732,209,4,29471.31,40
1597,628,16,1,48599.01,13
1598,922,120,3,45016.28,15
1599,676,339,2,54808.59,14
1600,381,412,1,28118.09,38
1601,253,265,4,11263.31,45
1602,885,318,2,41571.75,41
1603,755,280,4,37852.45,26
1604,844,424,4,23622.6,12
1605,837,500,3,8959.52,40
1606,710,405,1,54525.36,28
1607,132,229,1,18089.73,7
1608,163,501,1,40103.48,20
1609,172,263,4,60035.83,18
1610,292,584,3,20584.89,7
1611,405,207,1,53791.47,31
1612,206,131,5,31536.54,30
1613,491,112,1,14338.61,24
1614,189,86,1,39044.38,39
1615,380,449,2,63189.06,49
1616,43,516,2,19242.0,46
1617,326,45,5,15187.89,9
1618,350,257,2,40091.1,12
1619,924,58,4,3547.73,18
1620,518,66,2,24578.31,12
1621,344,450,1,54453.53,4
1622,864,252,5,3566.16,35
1623,165,147,5,29670.89,3
1624,115,67,4,63156.14,1
1625,634,174,3,60387.08,9
1626,924,107,2,8595.34,0
1627,577,60,4,8567.63,7
1628,878,230,1,38726.91,4
1629,21,488,5,11256.34,18
1630,703,397,4,8466.87,15
1631,700,503,5,2504.87,40
1632,466,491,2,9082.9,23
1633,230,148,3,51062.76,11
1634,987,398,3,13188.83,23
1635,758,22,4,51752.33,9
1636,44,471,-4,52791.35,34
1637,873,233,4,25424.21,40
1638,362,214,4,55982.73,26
1639,472,464,4,29918.52,29
1640,373,346,3,43611.12,8
1641,741,543,2,38225.53,45
1642,196,583,2,13146.27,46
1643,676,373,4,19577.41,48
1644,812,419,-3,35091.38,13
1645,403,145,4,2224.59,41
1646,464,308,5,13839.62,12
1647,223,346,5,46478.43,42
1648,394,530,4,32467.03,28
1649,25,212,4,39697.5,11
1650,280,577,2,1899.83,36
1651,801,203,2,48123.91,29
1652,252,134,4,17948.97,48
1653,628,544,1,38968.45,50
1654,67,88,1,44764.63,3
1655,340,93,3,3995.29,22
1656,208,155,2,19725.49,4
1657,372,324,5,63569.19,28
1658,487,347,2,1076.09,6
1659,822,576,2,36755.58,9
1660,168,426,1,52510.54,39
1661,420,163,5,4563.73,30
1662,717,288,2,9962.2,42
1663,969,151,4,42354.19,2
1664,139,391,4,23853.95,10
1665,786,21,5,7621.35,23
1666,954,452,5,51561.39,28
1667,916,21,4,8194.34,36
1668,353,348,1,38572.9,4
1669,182,139,5,45618.71,25
1670,939,154,1,6046.22,50
1671,984,202,3,44706.19,50
1672,972,86,3,43756.47,31
1673,17,428,2,53763.1,16
1674,197,526,3,42723.82,1
1675,502,327,2,33915.14,15
1676,718,314,3,60248.87,27
1677,346,42,3,25817.8,48
1678,673,470,1,35686.5,2
1679,134,11,5,13573.67,24
1680,205,482,4,43699.42,44
1681,689,277,4,39461.2,32
1682,875,435,4,29331.07,8
1683,966,355,3,50200.62,31
1684,289,274,1,26437.2,42
1685,87,327,5,44128.47,1
1686,831,132,1,50103.03,11
1687,383,67,2,64197.03,15
1688,798,90,1,39087.97,0
1689,755,350,5,51794.23,37
1690,642,472,3,55469.32,6
1691,628,125,1,19917.0,12
1692,941,84,2,28874.76,5
1693,4,444,2,10057.2,45
1694,82,397,3,7808.09,12
1695,488,203,4,51079.7,11
1696,481,295,5,70736.79,3
1697,454,190,5,35048.56,11
1698,998,203,3,44053.36,34
1699,590,194,1,57012.78,4
1700,193,192,3,11942.31,14
1701,167,405,5,48207.6,26
1702,519,293,2,59382.79,22
1703,754,247,5,36208.02,43
1704,258,289,2,3356.27,4
1705,506,353,1,31007.96,27
1706,82,457,1,12675.4,43
1707,91,327,5,42622.35,23
1708,715,68,5,50148.75,20
1709,462,367,4,5009.61,19
1710,782,501,3,45060.21,47
1711,195,234,5,40369.0,44
1712,362,420,4,31037.49,20
1713,946,413,4,8528.31,29
1714,464,157,2,29804.72,24
1715,430,26,2,43101.79,24
1716,892,153,4,16711.87,27
1717,811,177,2,15096.25,11
1718,223,98,1,44569.68,9
1719,278,346,2,35391.77,25
1720,163,311,5,53075.4,12
1721,499,512,4,45132.01,10
1722,500,62,3,17195.13,4
1723,976,332,4,24979.72,9
1724,241,532,4,17348.7,26
1725,503,14,3,53364.7,21
1726,646,319,5,8635.72,7
1727,614,133,5,1115.88,46
1728,383,132,3,55499.54,30
1729,65,19,4,46315.57,15
1730,215,335,2,14479.49,20
1731,650,488,3,10958.6,36
1732,813,340,2,52650.49,20
1733,801,587,2,12255.91,39
1734,243,256,4,13323.24,1
1735,321,524,1,46459.56,9
1736,639,330,1,23671.19,29
1737,618,273,1,37324.92,49
1738,198,283,2,32951.09,49
1739,61,486,2,46022.06,0
1740,336,365,5,15644.99,9
1741,803,280,3,35590.47,20
1742,620,550,2,8756.29,41
1743,193,124,3,23451.76,47
1744,907,200,5,29582.53,18
1745,255,386,4,4495.54,0
1746,306,268,2,49571.43,1
1747,30,432,1,19619.9,49
1748,932,152,4,33570.58,35
1749,161,455,3,44882.58,17
1750,467,283,2,36575.69,29
1751,292,167,5,22984.42,1
1752,127,54,3,29271.38,23
1753,146,323,4,53134.78,40
1754,445,332,-4,21782.18,39
1755,857,36,-3,45808.95,48
1756,583,41,5,27117.23,45
1757,731,136,4,37642.84,4
1758,144,156,1,19443.5,45
1759,241,95,3,53920.49,21
1760,84,423,3,61848.21,31
1761,411,559,1,4161.84,41
1762,809,406,2,39223.11,5
1763,834,213,4,591.18,48
1764,934,268,2,51202.18,41
1765,700,572,1,15762.08,44
1766,231,491,1,7914.88,48
1767,239,157,2,27777.14,20
1768,397,406,1,38772.97,18
1769,505,25,4,60052.74,2
1770,205,37,2,3686.3,31
1771,8,358,1,56346.35,23
1772,522,169,4,23003.8,34
1773,8,289,3,3942.48,32
1774,398,164,2,66549.0,16
1775,343,201,3,44318.46,25
1776,123,293,4,51947.97,38
1777,991,525,4,14759.16,7
1778,43,397,1,8079.58,13
1779,205,584,3,25801.79,43
1780,220,311,3,56337.93,41
1781,642,236,-5,37832.36,16
1782,223,524,1,45359.03,13
1783,850,186,3,53858.29,46
1784,398,336,4,62264.24,38
1785,772,170,4,45521.56,38
1786,293,255,1,62962.03,0
1787,874,32,5,22396.46,0
1788,970,281,1,50440.03,24
1789,747,582,2,48221.42,23
1790,221,196,4,53594.61,23
1791,78,287,4,33345.35,19
1792,789,36,1,45481.64,16
1793,468,210,1,33634.97,47
1794,976,32,4,23392.72,7
1795,89,241,4,21711.67,37
1796,712,571,3,30194.25,44
1797,577,492,1,26825.41,9
1798,221,67,4,66247.65,1
1799,39,510,4,43901.5,26
1800,180,14,5,57560.94,42
1801,65,288,3,9274.4,12
1802,822,274,1,24689.94,12
1803,241,459,1,68843.34,2
1804,895,577,4,1853.72,44
1805,501,238,1,55404.29,5
1806,613,377,4,67348.98,34
1807,168,383,3,62946.81,34
1808,150,329,3,33753.58,37
1809,412,382,4,30986.84,49
1810,300,152,4,34066.01,26
1811,369,443,1,2321.67,8
1812,341,368,4,28052.43,34
1813,883,169,1,24018.4,40
1814,149,350,5,62120.72,47
1815,164,588,2,17455.24,50
1816,211,406,1,42497.7,7
1817,514,558,1,6781.32,36
1818,5,261,5,59892.02,10
1819,758,233,3,28644.48,20
1820,750,383,5,66762.69,33
1821,673,403,2,29954.39,47
1822,418,109,2,3092.45,29
1823,160,193,1,45556.57,32
1824,820,111,4,43582.42,4
1825,712,314,2,66028.47,19
1826,846,215,5,3195.25,12
1827,25,17,1,21900.76,13
1828,191,74,1,57564.23,7
1829,433,367,4,4431.86,38
1830,308,352,4,49707.81,19
1831,439,490,5,45950.34,43
1832,504,33,4,19271.06,1
1833,262,485,4,25839.39,49
1834,101,433,5,12448.18,22
1835,972,503,1,2613.35,31
1836,778,89,4,30354.2,5
1837,85,252,1,3485.81,47
1838,346,248,5,61857.13,2
1839,331,318,5,39734.29,28
1840,222,421,1,34807.35,8
1841,608,29,5,27557.64,32
1842,186,475,3,62709.41,24
1843,821,549,1,9973.41,7
1844,715,530,4,32396.15,28
1845,301,167,1,24275.96,21
1846,437,113,2,50494.41,4
1847,204,494,-4,36096.3,24
1848,795,181,4,22315.44,11
1849,229,349,5,1374.1,14
1850,731,456,1,20081.32,8
1851,136,577,1,1786.02,23
1852,814,441,1,34082.09,44
1853,378,557,1,47439.52,2
1854,286,447,5,56864.63,4
1855,67,90,3,51384.35,42
1856,367,487,4,9417.45,15
1857,929,141,1,42009.2,5
1858,585,192,2,10885.83,34
1859,383,571,3,32271.94,50
1860,673,190,5,40223.14,35
1861,41,238,2,52865.73,8
1862,765,401,1,31237.6,32
1863,808,13,1,53272.35,17
1864,600,544,1,34727.82,8
1865,328,250,4,41738.03,12
1866,680,487,4,9335.39,6
1867,177,398,5,12286.29,34
1868,880,73,2,13361.87,32
1869,149,70,4,26214.7,4
1870,580,169,2,26219.47,26
1871,860,371,2,25553.87,26
1872,62,443,1,2507.65,49
1873,405,29,2,29517.87,23
1874,401,461,5,51067.94,14
1875,767,131,4,28331.47,50
1876,522,417,2,2787.55,33
1877,295,510,1,39025.01,1
1878,428,68,5,47192.29,49
1879,150,41,3,29258.21,17
1880,476,350,3,65860.18,38
1881,335,316,4,24637.39,24
1882,776,574,5,53271.72,50
1883,588,141,4,46748.54,44
1884,502,351,5,40546.13,40
1885,65,258,3,17223.88,18
1886,609,526,2,35065.37,20
1887,929,246,5,17003.76,19
1888,197,344,5,15963.61,17
1889,271,435,2,29848.87,50
1890,143,303,2,64448.14,23
1891,730,556,5,2028.18,29
1892,596,533,2,57217.58,46
1893,898,299,2,43059.27,50
1894,649,346,2,46444.58,31
1895,384,252,4,3518.07,17
1896,955,582,4,55676.34,9
1897,261,74,3,55091.71,24
1898,833,564,4,49848.88,12
1899,832,261,4,56210.83,35
1900,598,284,5,7562.76,12
1901,273,53,4,18482.24,31
1902,610,111,4,47991.57,20
1903,123,144,2,46648.96,48
1904,821,56,1,48839.66,17
1905,111,562,5,15714.05,50
1906,99,434,2,23402.14,42
1907,581,62,1,13257.04,39
1908,737,284,3,7248.96,14
1909,226,585,3,25964.07,22
1910,861,243,2,19416.53,37
1911,325,226,2,37923.44,24
1912,209,555,5,28473.24,10
1913,94,585,5,26322.85,17
1914,829,498,1,22032.07,26
1915,227,248,4,55654.97,11
1916,940,226,3,30475.47,15
1917,688,316,4,25152.56,38
1918,870,396,4,19394.45,6
1919,868,84,4,35181.95,28
1920,154,394,5,12552.23,1
1921,555,279,2,33127.07,31
1922,448,537,3,46659.44,31
1923,520,398,4,12188.82,23
1924,148,80,5,45347.7,43
1925,387,173,4,53162.21,20
1926,362,415,3,20967.59,18
1927,921,237,4,35275.14,30
1928,984,25,5,54485.02,44
1929,67,464,1,25364.89,22
1930,369,391,1,24704.54,46
1931,457,435,1,27041.12,22
1932,235,276,3,50288.5,16
1933,491,162,2,40305.0,37
1934,661,530,5,36351.81,12
1935,867,38,4,25663.26,48
1936,235,93,2,3084.59,44
1937,567,52,3,9002.41,16
1938,464,153,3,15509.98,27
1939,286,191,2,19223.38,10
1940,534,69,-2,61193.77,39
1941,54,587,2,10767.87,30
1942,965,434,2,25048.78,12
1943,618,79,1,10755.6,17
1944,837,184,5,29794.76,29
1945,567,378,2,6039.22,11
1946,252,9,3,19997.72,49
1947,279,526,1,37215.98,3
1948,404,139,2,41853.27,9
1949,867,136,2,48315.61,23
1950,588,286,4,7070.52,11
1951,728,113,-2,39543.24,38
1952,773,44,1,61950.62,8
1953,1,295,4,64159.84,31
1954,694,405,5,52080.22,25
1955,911,538,-4,22933.06,33
1956,363,592,4,10464.04,33
1957,960,418,2,42204.71,31
1958,130,38,2,23264.22,23
1959,863,306,1,45128.67,26
1960,392,385,3,16891.38,20
1961,499,204,1,27730.43,49
1962,654,151,4,53781.19,50
1963,777,144,3,51089.01,9
1964,17,233,4,26555.21,25
1965,478,477,3,27104.85,29
1966,134,426,1,47920.07,9
1967,919,104,3,18569.31,22
1968,477,396,4,18509.19,18
1969,364,525,5,16120.48,30
1970,70,361,3,54413.81,32
1971,170,12,1,4081.71,45
1972,576,277,1,35484.54,13
1973,646,534,3,42220.26,25
1974,343,472,3,52891.11,18
1975,377,53,5,18249.76,28
1976,777,500,4,9396.81,2
1977,683,562,5,16950.66,9
1978,956,387,3,20542.33,28
1979,750,274,2,20872.11,12
1980,96,394,3,11274.68,2
1981,46,311,1,64923.83,12
1982,429,583,2,11260.67,9
1983,438,561,5,56358.53,13
1984,1,68,2,60077.22,16
1985,745,495,1,50367.5,10
1986,948,506,1,17618.65,29
1987,832,351,5,43163.88,23
1988,872,481,3,34628.23,35
1989,911,339,3,48056.65,42
1990,699,533,3,70966.71,49
1991,919,252,2,3877.66,27
1992,495,279,3,33657.33,19
1993,511,415,1,25885.35,19
1994,821,264,1,33530.83,35
1995,229,225,2,54188.55,9
1996,949,101,5,27645.99,26
1997,761,410,4,33938.81,19
1998,84,249,2,18422.17,42
1999,68,322,1,24109.66,27
2000,158,425,4,56135.72,21
2001,961,380,1,5592.46,31
2002,901,504,4,19223.63,25
2003,441,241,3,17953.56,10
2004,345,164,5,58439.14,24
2005,874,85,1,54054.67,50
2006,756,9,2,18250.34,31
2007,919,95,2,54203.22,0
2008,483,182,1,44384.09,23
2009,696,366,5,18901.65,10
2010,915,318,3,32105.57,37
2011,85,41,5,26579.43,12
2012,809,175,4,50762.19,31
2013,111,274,5,21948.95,33
2014,74,292,2,19470.38,38
2015,873,267,2,53697.24,44
2016,528,99,4,25370.05,44
2017,291,33,4,22614.24,42
2018,167,485,4,22931.81,32
2019,314,301,4,34553.45,15
2020,814,317,3,17889.7,29
2021,153,159,1,15618.93,37
2022,897,121,2,3152.04,28
2023,130,153,1,16265.42,21
2024,705,328,5,33059.67,30
2025,446,420,1,31464.14,42
2026,966,566,5,26513.8,45
2027,215,485,1,22972.06,25
2028,197,354,1,16870.42,16
2029,399,192,4,10945.1,25
2030,803,332,4,21446.7,20
2031,764,433,3,13695.99,48
2032,581,189,1,64793.06,10
2033,978,257,-4,36768.83,21
2034,152,44,2,49622.54,38
2035,508,285,-2,10520.13,26
2036,40,10,3,45928.38,39
2037,382,346,1,36450.54,49
2038,845,514,2,7620.4,21
2039,697,518,3,33580.38,33
2040,605,202,4,51720.86,46
2041,820,41,4,35895.33,37
2042,561,298,5,9021.97,29
2043,46,292,3,19145.1,37
2044,643,65,4,30814.64,26
2045,952,475,5,60431.19,20
2046,855,229,4,16098.46,41
2047,873,40,2,39569.21,37
2048,261,405,3,43580.47,14
2049,42,228,4,18475.63,0
2050,441,49,1,15396.25,17
2051,549,560,4,45590.78,46
2052,814,314,5,64286.58,31
2053,595,219,5,25547.28,18
2054,799,119,2,10957.34,24
2055,575,337,2,62182.96,12
2056,15,440,1,31183.51,15
2057,970,492,1,21955.88,47
2058,749,265,2,11187.99,42
2059,264,426,2,58488.21,13
2060,747,168,3,1586.78,18
2061,317,556,5,2238.11,4
2062,160,125,1,21355.29,4
2063,798,277,2,36618.73,28
2064,346,125,5,20273.65,49
2065,548,477,5,21431.59,42
2066,630,285,1,9415.23,5
2067,362,181,4,28407.55,34
2068,968,257,1,47343.47,39
2069,824,89,1,29445.6,21
2070,165,535,5,54910.71,48
2071,647,360,1,55714.13,24
2072,812,443,1,2463.74,49
2073,832,413,2,6875.85,39
2074,653,496,5,42512.37,4
2075,1000,233,4,29248.27,29
2076,397,330,3,21288.2,2
2077,38,464,2,22252.55,22
2078,18,382,3,26272.82,0
2079,993,323,4,45649.47,6
2080,609,534,5,53512.7,37
2081,140,485,4,24369.0,35
2082,744,349,1,1289.8,2
2083,806,325,2,13067.9,27
2084,301,40,-1,32467.57,19
2085,681,141,3,53996.41,9
2086,288,349,4,1425.99,33
2087,373,77,4,30285.89,19
2088,417,24,1,31896.33,20
2089,190,96,2,42967.51,38
2090,614,103,3,11088.2,16
2091,787,342,3,61080.9,11
2092,591,218,5,43443.84,14
2093,51,284,3,8187.42,35
2094,773,555,1,36643.84,35
2095,958,592,5,9106.06,35
2096,674,305,1,5041.95,48
2097,954,42,3,27063.26,26
2098,96,342,3,58607.82,8
2099,71,97,5,53304.47,30
2100,44,481,3,32847.87,6
2101,271,163,5,5099.02,50
2102,254,84,3,29653.87,41
2103,941,583,1,12018.76,1
2104,482,224,2,18677.72,43
2105,522,245,4,52609.42,33
2106,897,280,5,39000.91,49
2107,863,193,4,41234.73,3
2108,441,217,5,34527.39,12
2109,845,541,3,25634.81,25
2110,998,422,5,26322.57,15
2111,632,128,4,13055.12,38
2112,510,2,1,56009.96,12
2113,765,260,2,52453.07,41
2114,595,123,2,18450.41,2
2115,237,256,1,13998.6,43
2116,405,137,2,32989.01,7
2117,589,3,2,25814.92,44
2118,15,424,1,24116.18,28
2119,148,151,1,53834.81,20
2120,421,388,5,64787.24,28
2121,680,207,2,48127.58,22
2122,193,249,4,17689.53,17
2123,448,51,3,42798.04,29
2124,163,63,1,60313.97,33
2125,297,209,4,28511.24,18
2126,145,291,3,43690.05,49
2127,15,485,5,20767.11,29
2128,357,311,2,56084.86,44
2129,885,283,4,39297.59,17
2130,165,492,2,24565.42,8
2131,18,241,4,18801.36,35
2132,522,149,1,52049.73,23
2133,535,261,1,53001.96,42
2134,529,318,4,31208.05,36
2135,981,110,2,17445.18,16
2136,830,251,5,65292.85,36
2137,819,543,2,43093.17,33
2138,4,153,1,16506.26,44
2139,789,568,4,14352.57,0
2140,493,199,2,4277.81,19
2141,739,436,3,47834.02,17
2142,601,205,4,9753.09,38
2143,579,578,3,3442.29,30
2144,640,201,2,37354.53,21
2145,366,483,2,8791.21,31
2146,234,442,5,4675.56,4
2147,106,579,2,45751.6,2
2148,210,479,4,6111.17,47
2149,75,106,5,55952.09,8
2150,227,220,2,47153.65,2
2151,263,12,5,4452.68,17
2152,659,461,2,40489.6,15
2153,627,122,1,70719.81,50
2154,613,550,2,6845.45,44
2155,284,555,2,35056.51,44
2156,747,7,4,67820.9,13
2157,815,422,3,24697.21,32
2158,597,235,5,55750.3,27
2159,714,358,3,59251.02,35
2160,713,169,1,27088.76,40
2161,586,22,3,42831.01,10
2162,240,47,2,23683.67,13
2163,203,136,3,42953.43,42
2164,461,232,5,14059.83,7
2165,744,210,3,30955.87,48
2166,307,443,2,2381.07,10
2167,486,388,1,55175.07,2
2168,546,180,4,35029.75,48
2169,162,217,1,29342.12,6
2170,446,235,2,55538.0,33
2171,731,569,5,33086.54,37
2172,921,600,3,53420.51,10
2173,849,546,5,41596.77,28
2174,436,177,5,16197.0,28
2175,286,324,3,58381.51,46
2176,818,21,2,6995.56,24
2177,792,549,4,12211.86,37
2178,119,130,1,14252.98,44
2179,547,116,5,41457.81,41
2180,595,139,1,48876.96,34
2181,897,238,2,54564.35,3
2182,521,557,1,44787.59,35
2183,86,348,5,34871.8,16
2184,268,341,5,57166.15,11
2185,46,438,4,60649.81,13
2186,144,226,1,34854.39,39
2187,453,74,4,66524.14,34
2188,83,330,4,21039.31,17
2189,868,346,1,35537.66,0
2190,799,28,1,38404.67,46
2191,32,86,3,38041.73,47
2192,828,600,1,41612.9,12
2193,493,101,4,30004.9,34
2194,664,381,1,55529.0,47
2195,992,27,2,46735.18,20
2196,389,118,5,51857.07,48
2197,300,268,2,48560.51,9
2198,615,591,5,59304.52,31
2199,535,79,2,8932.55,48
2200,296,514,5,9105.97,20
2201,389,481,1,33900.7,29
2202,27,46,5,453.06,42
2203,268,252,4,3366.89,21
2204,91,371,5,21605.09,9
2205,415,387,5,17303.89,26
2206,153,276,5,40897.8,20
2207,379,51,3,47571.62,10
2208,804,591,4,63951.09,35
2209,732,41,4,27089.95,13
2210,247,421,5,45472.04,35
2211,472,364,1,65446.78,49
2212,652,539,2,24212.59,3
2213,275,49,1,15668.69,16
2214,855,542,1,6314.49,33
2215,757,6,3,46643.76,16
2216,986,182,5,56928.41,31
2217,902,255,5,55059.65,45
2218,783,193,5,42487.43,25
2219,275,249,2,18694.93,9
2220,714,410,5,35078.06,46
2221,175,535,5,63322.45,42
2222,749,315,4,42478.23,1
2223,249,430,2,52750.1,46
2224,866,542,4,5141.29,19
2225,984,258,1,15016.31,2
2226,842,400,3,61464.19,40
2227,400,161,3,50271.36,23
2228,776,298,1,7071.07,50
2229,235,378,3,6852.19,11
2230,301,197,1,2203.36,30
2231,387,316,4,26757.49,18
2232,526,590,5,52528.29,1
2233,791,232,1,15199.71,35
2234,715,513,5,55822.8,17
2235,340,138,4,3054.15,44
2236,64,349,1,1161.67,40
2237,59,299,2,43043.34,13
2238,214,364,2,66490.24,16
2239,602,323,1,50632.6,14
2240,827,145,1,2210.12,45
2241,615,466,5,287.43,50
2242,127,558,-1,6961.53,12
2243,247,94,2,6246.31,8
2244,415,331,2,44806.5,26
2245,876,36,1,55229.94,48
2246,627,518,4,35909.19,20
2247,399,98,4,52649.2,26
2248,798,566,5,31632.15,0
2249,934,190,2,45399.63,1
2250,601,110,3,16870.76,7
2251,563,131,5,27565.05,0
2252,251,387,3,19407.93,44
2253,510,271,3,66884.02,38
2254,123,426,1,58109.48,43
2255,219,402,3,44304.63,22
2256,138,60,1,7453.75,4
2257,828,127,5,490.81,36
2258,294,112,5,14644.76,14
2259,407,543,4,39462.41,1
2260,601,143,4,57766.74,46
2261,162,221,5,26988.97,9
2262,76,246,4,17487.94,21
2263,429,79,1,9175.04,2
2264,713,302,2,30192.49,26
2265,964,44,3,56102.53,49
2266,812,346,2,41402.1,25
2267,439,446,1,7518.47,6
2268,120,132,4,59098.35,1
2269,962,44,2,60157.79,3
2270,533,209,3,31303.87,38
2271,91,28,4,30869.19,29
2272,75,329,2,30470.64,11
2273,787,224,3,23336.15,22
2274,54,441,5,32523.87,27
2275,586,112,4,16253.22,31
2276,435,575,2,32412.2,33
2277,852,271,3,65510.46,2
2278,119,248,3,60405.3,0
2279,813,541,4,29246.7,21
2280,306,244,4,41499.16,35
2281,755,542,2,5477.09,13
2282,240,384,5,11897.53,3
2283,105,380,4,6293.07,1
2284,621,49,5,13514.63,36
2285,595,67,3,58667.19,11
2286,958,17,4,26906.15,37
2287,827,170,4,49411.72,45
2288,587,431,5,53230.71,24
2289,891,304,5,28517.98,48
2290,615,468,1,29034.63,18
2291,149,549,3,11056.28,40
2292,975,583,2,10298.49,36
2293,106,302,1,32525.2,19
2294,584,200,2,30346.85,6
2295,190,229,3,18852.98,49
2296,993,441,4,32658.13,3
2297,418,24,5,27551.37,25
2298,656,121,4,3875.74,1
2299,658,453,2,41203.84,19
2300,576,234,5,46398.03,20
2301,687,371,2,26057.71,33
2302,142,575,1,34477.32,18
2303,848,4,3,53954.53,42
2304,121,146,5,59540.59,21
2305,31,563,2,12584.2,48
2306,368,558,2,6604.15,17
2307,96,564,4,60162.53,22
2308,417,75,2,8192.57,30
2309,829,437,1,33581.08,43
2310,904,150,2,19541.32,20
2311,586,345,1,30422.85,12
2312,796,274,4,23753.41,15
2313,602,319,5,8208.97,2
2314,876,31,2,57357.02,14
2315,2,7,5,60542.36,25
2316,930,399,1,70702.32,7
2317,854,397,5,6828.7,5
2318,685,198,5,29859.97,1
2319,50,68,4,54566.52,39
2320,664,286,-1,7182.02,38
2321,75,330,1,23121.87,49
2322,182,535,2,67549.7,28
2323,658,422,2,24265.72,23
2324,226,287,3,27106.54,31
2325,452,454,5,38409.42,10
2326,60,460,2,48804.98,48
2327,884,422,2,28997.15,22
2328,20,569,1,31261.36,31
2329,743,486,4,56853.09,10
2330,579,69,-3,46847.88,33
2331,691,547,3,15404.9,12
2332,204,208,4,29777.53,8
2333,978,322,-3,26223.45,10
2334,208,354,4,17230.87,34
2335,950,82,4,25011.96,10
2336,695,105,1,56024.03,0
2337,389,116,2,44937.1,15
2338,845,526,3,32996.8,31
2339,560,588,-3,14639.48,12
2340,224,459,1,66923.93,34
2341,304,315,3,46589.59,46
2342,985,173,-5,55245.67,9
2343,885,406,3,38773.23,6
2344,442,283,3,39630.1,15
2345,463,210,3,32833.78,25
2346,482,548,1,57399.61,29
2347,759,512,5,41380.02,11
2348,77,15,2,66937.52,31
2349,916,550,2,6987.95,12
2350,268,532,4,14263.28,34
2351,349,504,5,18357.05,48
2352,437,238,5,54610.81,7
2353,869,528,2,64648.41,20
2354,419,30,3,52306.7,48
2355,461,24,4,30223.86,37
2356,558,439,4,33322.13,7
2357,465,490,1,43329.71,31
2358,242,415,5,24681.22,9
2359,881,16,3,46513.87,24
2360,554,148,1,51391.67,10
2361,185,230,-3,35971.69,10
2362,89,403,3,24892.81,21
2363,553,459,1,63162.69,25
2364,584,154,1,5286.89,49
2365,960,179,1,42775.22,8
2366,336,582,4,62984.46,48
2367,609,41,5,32285.54,49
2368,699,275,2,7631.17,38
2369,555,296,5,32536.65,10
2370,130,39,3,68729.51,38
2371,709,236,5,33082.22,46
2372,613,257,5,48095.42,41
2373,134,306,5,41540.94,47
2374,625,525,5,16881.8,41
2375,87,291,3,47791.84,34
2376,520,469,1,18604.5,28
2377,94,366,2,19885.94,34
2378,412,459,4,59318.87,34
2379,788,192,1,12547.28,28
2380,282,390,1,650.15,4
2381,737,473,4,62475.4,31
2382,394,555,2,37111.43,36
2383,938,447,5,53490.66,9
2384,858,133,3,1202.09,12
2385,506,40,5,35515.81,33
2386,1,409,2,7395.5,50
2387,244,378,1,7168.5,1
2388,680,370,4,39753.84,39
2389,340,468,5,22246.32,43
2390,128,172,3,10033.72,11
2391,798,351,3,37459.87,11
2392,957,537,4,48764.62,25
2393,201,144,3,58072.88,39
2394,302,191,2,20589.23,8
2395,700,546,5,50449.66,50
2396,401,228,2,20374.52,36
2397,957,106,3,55314.25,16
2398,82,336,2,54741.15,21
2399,740,495,2,62155.05,21
2400,399,172,5,8032.59,37
2401,227,228,3,20272.89,50
2402,703,379,1,26758.77,32
2403,109,574,4,49611.79,1
2404,975,502,5,35442.48,24
2405,973,573,3,35586.34,20
2406,775,500,3,9560.54,14
2407,8,199,3,5055.5,7
2408,899,525,5,14109.36,7
2409,936,493,5,16125.37,3
2410,204,535,3,62143.56,17
2411,813,39,1,69507.72,13
2412,404,315,1,42863.75,29
2413,111,335,3,11679.25,13
2414,747,178,3,53289.59,13
2415,838,430,4,58833.03,33
2416,100,244,4,36726.4,20
2417,47,17,5,21684.83,9
2418,714,112,3,17812.94,50
2419,90,37,3,3621.74,24
2420,631,542,1,5977.75,33
2421,485,575,-1,32257.34,8
2422,776,490,1,41529.57,8
2423,241,527,5,59681.88,49
2424,357,412,2,35222.84,21
2425,571,439,4,27277.12,20
2426,885,598,5,43948.28,48
2427,461,552,-4,9652.12,10
2428,142,505,3,26308.11,47
2429,915,287,5,33135.17,46
2430,603,433,3,13099.62,20
2431,807,295,2,63634.22,19
2432,981,122,1,70859.09,27
2433,341,27,2,46037.25,0
2434,904,41,1,28084.49,19
2435,382,236,5,35308.27,14
2436,75,243,2,23755.72,7
2437,819,334,3,31248.77,0
2438,332,349,4,1063.88,13
2439,649,436,5,48418.8,43
2440,103,291,3,45291.68,33
2441,538,393,4,40304.44,45
2442,503,148,4,55977.47,44
2443,960,228,4,19773.84,40
2444,808,452,3,52667.08,9
2445,765,7,2,59250.35,32
2446,757,172,3,8351.65,4
2447,539,224,2,22121.02,6
2448,755,137,2,39090.65,8
2449,205,147,1,26976.64,39
2450,95,61,4,12372.53,5
2451,533,251,4,54546.79,10
2452,209,567,4,23767.43,34
2453,170,483,4,8754.23,5
2454,682,467,2,44959.3,22
2455,492,476,3,5728.88,23
2456,576,273,4,33663.94,9
2457,884,585,1,21711.26,39
2458,93,524,4,46433.91,42
2459,568,247,1,41271.04,35
2460,890,187,4,11480.52,41
2461,481,180,1,39302.19,13
2462,204,454,2,46572.69,41
2463,597,191,1,18714.47,11
2464,159,591,5,67260.05,13
2465,759,422,2,32108.29,46
2466,438,335,5,11177.1,19
2467,242,567,5,22222.86,10
2468,333,373,2,21008.8,34
2469,209,328,5,40806.21,17
2470,428,126,4,52769.73,29
2471,755,505,2,23494.72,25
2472,297,254,1,64956.61,16
2473,887,260,5,56145.04,49
2474,511,120,2,59536.15,38
2475,845,597,4,35778.45,36
2476,179,451,1,15392.7,21
2477,253,480,5,34985.18,46
2478,116,220,4,52246.05,20
2479,142,594,5,69631.87,33
2480,249,134,2,16262.28,43
2481,771,101,2,30086.28,25
2482,747,56,5,39895.88,2
2483,905,46,3,568.33,31
2484,622,477,5,24277.32,36
2485,449,358,2,58236.12,46
2486,722,382,5,25790.03,15
2487,653,548,4,57346.84,48
2488,810,42,2,20413.32,19
2489,242,398,1,12944.57,50
2490,588,329,1,34322.51,22
2491,856,167,2,28920.85,36
2492,921,96,1,41188.01,41
2493,592,172,5,9620.01,42
2494,25,95,3,42716.08,17
2495,670,524,2,41605.48,12
2496,934,6,5,43742.06,30
2497,85,216,5,12756.76,38
2498,991,118,2,48072.91,40
2499,155,156,1,17568.91,7
2500,888,472,4,50456.26,42
2501,143,55,1,7758.01,47
2502,690,92,1,22251.37,25
2503,108,133,2,1027.54,39
2504,739,33,4,18118.14,21
2505,678,542,4,6387.69,12
2506,948,220,1,45986.25,12
2507,442,390,3,517.95,0
2508,677,184,4,35252.61,42
2509,831,309,5,56701.41,48
2510,804,289,2,3398.97,18
2511,24,572,4,18984.07,8
2512,945,346,1,42475.39,20
2513,138,154,5,4905.46,8
2514,18,199,3,5603.89,22
2515,739,390,1,623.35,47
2516,671,2,2,61514.65,36
2517,611,354,2,21272.34,37
2518,509,18,1,1057.47,29
2519,122,146,3,52111.31,22
2520,563,335,5,12329.59,19
2521,781,134,2,21052.22,16
2522,965,77,2,27486.04,30
2523,953,56,4,39008.91,39
2524,166,491,2,9375.73,17
2525,62,171,5,46807.55,28
2526,737,88,4,51539.85,37
2527,23,423,2,50879.66,18
2528,544,110,3,14675.29,10
2529,848,8,2,25442.27,18
2530,34,256,1,11559.55,39
2531,372,416,4,46227.64,49
2532,656,463,3,23889.16,50
2533,316,67,3,61702.2,43
2534,798,357,3,693.88,11
2535,969,253,3,30581.39,6
2536,141,258,4,14886.43,7
2537,46,569,1,31469.67,50
2538,527,126,1,44909.72,47
2539,812,423,5,52643.91,28
2540,409,283,1,34276.02,27
2541,529,44,5,45856.99,6
2542,832,376,4,18175.64,37
2543,32,111,3,52013.97,29
2544,87,201,5,33925.32,28
2545,105,253,1,30414.5,14
2546,341,82,1,32281.47,18
2547,370,544,3,36873.91,12
2548,821,411,2,22475.54,12
2549,26,18,5,1130.68,22
2550,545,541,3,26484.41,45
2551,440,260,-4,43829.21,7
2552,575,6,3,40748.81,42
2553,823,206,5,54504.05,28
2554,945,261,4,63838.47,27
2555,843,153,1,16644.95,4
2556,538,247,2,45302.69,30
2557,20,33,1,23415.72,25
2558,425,436,1,42483.96,21
2559,642,26,1,43185.09,3
2560,458,498,4,22253.81,16
2561,39,21,3,7394.01,34
2562,787,566,1,31013.06,36
2563,776,277,5,35207.58,15
2564,684,68,3,58838.95,2
2565,262,514,-1,9156.21,19
2566,663,509,4,6221.51,33
2567,505,230,1,34461.4,37
2568,450,124,4,21087.35,35
2569,768,300,1,61860.7,24
2570,979,102,2,18405.69,18
2571,976,51,4,50210.74,17
2572,255,239,2,47521.18,27
2573,188,216,5,13423.54,38
2574,297,597,5,47596.96,39
2575,457,16,1,45811.78,16
2576,170,442,2,4692.25,29
2577,53,528,4,70071.95,34
2578,865,176,1,40449.57,3
2579,862,163,1,4672.22,42
2580,643,266,1,51774.12,34
2581,967,86,2,40709.98,44
2582,769,586,5,56004.8,49
2583,599,460,2,51211.88,5
2584,1000,456,1,24513.86,34
2585,516,297,5,38002.41,4
2586,994,560,4,60057.71,19
2587,548,142,2,38370.2,28
2588,970,365,5,15793.05,14
2589,585,451,5,16511.75,0
2590,553,177,1,16084.92,16
2591,554,48,4,62671.94,30
2592,683,96,2,41925.34,24
2593,577,88,3,54290.01,5
2594,783,87,2,32763.2,31
2595,691,277,2,42840.82,27
2596,574,517,2,62666.95,48
2597,402,593,4,58795.59,3
2598,274,45,5,17058.38,45
2599,121,265,1,11623.56,27
2600,116,364,4,51913.87,35
2601,658,255,2,60551.87,43
2602,916,567,5,22839.18,46
2603,387,363,1,67866.52,29
2604,595,408,2,37332.88,2
2605,907,432,3,22554.45,24
2606,393,560,2,57193.25,39
2607,440,27,3,40042.65,19
2608,156,67,4,53369.16,35
2609,347,105,4,48328.08,22
2610,594,249,4,16522.42,34
2611,129,1,5,74051.02,50
2612,798,228,3,20303.06,34
2613,714,514,2,8657.58,27
2614,141,265,4,10603.77,48
2615,540,456,5,23420.85,27
2616,23,65,1,26255.11,13
2617,850,116,5,46807.87,46
2618,255,367,5,5442.52,10
2619,841,210,4,26196.99,13
2620,487,418,1,40110.48,15
2621,45,261,3,57991.71,6
2622,411,341,1,72493.29,23
2623,929,286,3,7660.09,16
2624,128,100,4,43160.53,2
2625,894,198,3,29267.18,50
2626,581,427,4,14285.61,30
2627,774,496,1,42812.16,8
2628,717,265,5,10796.56,48
2629,560,43,5,53157.37,46
2630,3,411,4,28118.52,9
2631,100,279,1,29123.19,26
2632,530,108,2,58112.46,39
2633,190,404,4,39581.96,34
2634,433,552,5,11325.5,15
2635,716,596,4,50517.62,35
2636,451,320,5,20766.02,19
2637,706,93,3,3353.63,16
2638,322,51,1,44679.99,8
2639,740,185,1,42318.95,49
2640,490,370,2,43766.77,24
2641,911,46,3,463.5,30
2642,81,433,1,10996.01,38
2643,551,569,4,26443.91,20
2644,255,421,2,35938.65,37
2645,267,336,3,55849.19,24
2646,498,8,1,20455.64,41
2647,667,587,3,12606.38,19
2648,544,595,3,19792.99,18
2649,943,386,4,4471.78,17
2650,805,571,5,31842.32,31
2651,421,52,3,11261.31,16
2652,166,15,3,60531.96,23
2653,502,454,3,41653.18,1
2654,585,462,3,34510.21,14
2655,197,519,5,9367.51,8
2656,249,379,3,31936.54,24
2657,803,134,2,20607.82,21
2658,718,297,1,39066.58,40
2659,343,356,2,27816.18,0
2660,712,436,2,50048.7,7
2661,180,156,3,17413.25,48
2662,818,463,4,27963.14,30
2663,711,486,3,48775.69,48
2664,324,69,4,46932.59,5
2665,182,288,1,7599.2,32
2666,835,258,5,16582.08,40
2667,398,62,1,16264.14,34
2668,16,111,4,50274.89,25
2669,493,507,5,18884.28,5
2670,178,592,5,10855.05,22
2671,455,14,-3,50438.94,45
2672,419,270,2,12633.46,27
2673,78,151,1,54589.35,3
2674,209,542,3,5167.19,48
2675,906,491,3,8441.56,22
2676,714,396,5,18312.65,35
2677,359,173,3,67117.71,32
2678,180,318,2,32369.56,35
2679,712,239,5,41596.3,16
2680,371,275,1,6674.8,27
2681,261,313,3,26002.39,29
2682,347,150,2,19751.59,4
2683,115,144,2,47156.34,45
2684,459,293,5,62902.05,47
2685,749,504,5,20058.68,5
2686,462,449,4,69565.99,15
2687,681,301,2,35331.3,1
2688,197,569,5,27985.27,10
2689,840,75,4,9196.14,0
2690,671,556,1,2345.21,4
2691,622,397,-2,8273.63,16
2692,337,200,1,26146.22,50
2693,236,333,5,56235.75,9
2694,274,235,3,66247.91,19
2695,13,37,1,4039.15,45
2696,894,406,4,38343.93,18
2697,527,69,4,52298.59,11
2698,286,261,3,64314.73,23
2699,268,269,4,18462.13,34
2700,216,548,3,53665.51,30
2701,618,223,4,31649.08,35
2702,110,16,3,39584.01,38
2703,127,151,-5,47701.14,32
2704,525,262,-5,42073.46,39
2705,582,594,4,70430.11,33
2706,527,159,5,15516.63,20
2707,493,593,2,61773.21,6
2708,281,461,-2,42772.33,14
2709,38,92,5,25576.11,24
2710,728,259,2,53262.98,13
2711,852,571,-2,33416.83,10
2712,534,242,2,13860.22,6
2713,155,116,5,41722.88,25
2714,943,161,5,40260.29,11
2715,530,528,1,67949.6,35
2716,947,218,2,35433.07,2
2717,836,120,1,47963.86,11
2718,911,3,1,20944.11,33
2719,396,473,4,58180.22,2
2720,932,31,-5,63803.66,38
2721,688,572,4,19487.54,7
2722,12,561,1,66911.07,12
2723,382,393,1,36708.56,46
2724,241,567,3,28248.66,41
2725,250,88,5,52905.11,3
2726,806,495,3,53794.99,48
2727,785,564,2,53320.05,19
2728,419,324,1,48441.96,12
2729,751,18,4,1272.75,25
2730,938,187,1,9654.05,17
2731,967,338,-5,60491.94,4
2732,340,21,1,7062.27,42
2733,400,433,3,10497.22,0
2734,927,403,3,27452.1,5
2735,726,93,2,4055.22,0
2736,828,458,5,16525.97,25
2737,629,276,5,44215.79,33
2738,630,16,3,46625.96,48
2739,200,441,4,32503.6,18
2740,568,145,4,2555.83,36
2741,579,415,2,21944.02,29
2742,804,16,5,39493.44,27
2743,572,569,5,32619.2,36
2744,122,484,5,6827.33,42
2745,657,497,5,16763.76,1
2746,380,440,2,31530.37,4
2747,584,466,-4,247.84,38
2748,243,130,1,17666.01,8
2749,442,368,4,31545.01,40
2750,535,592,5,10701.33,11
2751,390,16,3,49336.07,35
2752,876,6,5,43092.05,8
2753,964,75,4,9218.59,32
2754,322,121,4,3570.06,18
2755,724,93,2,3514.23,24
2756,617,190,1,36196.27,43
2757,817,565,2,57115.43,38
2758,730,413,-2,7507.98,11
2759,167,145,5,2873.9,21
2760,525,77,4,27760.83,45
2761,903,271,3,56464.24,8
2762,108,567,3,26347.73,23
2763,498,47,3,25607.25,32
2764,130,3,5,21528.61,23
2765,509,1,5,55136.23,46
2766,51,65,4,25563.48,45
2767,921,351,4,37544.1,3
2768,471,176,2,50968.05,17
2769,868,482,2,45296.54,35
2770,626,336,3,45937.6,5
2771,498,533,5,58525.83,44
2772,269,464,2,22950.48,26
2773,75,399,5,69301.88,50
2774,791,383,1,58515.28,3
2775,806,360,5,61146.38,48
2776,972,61,1,10165.92,23
2777,999,2,5,51971.11,29
2778,908,112,1,14754.23,27
2779,83,45,3,16359.32,50
2780,452,55,5,6672.22,2
2781,34,474,1,190.41,37
2782,322,16,1,49060.83,16
2783,928,89,5,33608.32,19
2784,576,336,3,49638.32,41
2785,145,582,5,54506.33,37
2786,569,587,2,12812.69,26
2787,353,135,5,14559.32,30
2788,785,119,4,10691.14,5
2789,983,528,2,73165.29,12
2790,825,319,5,7694.85,49
2791,743,73,1,11761.51,2
2792,158,361,5,63111.73,25
2793,228,188,1,60173.22,18
2794,219,369,4,46260.91,48
2795,903,248,3,59991.1,9
2796,431,543,1,40262.15,17
2797,559,446,1,8038.19,28
2798,199,562,2,19469.24,16
2799,913,307,5,3002.75,35
2800,311,182,3,54646.57,24
2801,944,306,4,49307.48,34
2802,49,339,3,41110.24,28
2803,950,284,1,7166.14,28
2804,635,344,3,13186.42,25
2805,164,211,5,20775.13,0
2806,609,35,5,61358.3,49
2807,333,110,1,15506.96,44
2808,317,29,5,24601.13,14
2809,103,86,1,41927.9,32
2810,964,398,1,12168.75,43
2811,20,146,3,63003.76,45
2812,966,456,4,19746.43,44
2813,182,173,1,56739.62,39
2814,380,240,3,13833.59,17
2815,716,86,2,48916.69,5
2816,683,139,2,47677.2,20
2817,804,580,3,18063.36,3
2818,11,162,4,47640.87,44
2819,942,52,1,9766.87,21
2820,220,188,3,69490.87,41
2821,703,266,4,48668.74,39
2822,348,33,4,19038.07,31
2823,103,454,2,45542.99,29
2824,610,564,1,66641.3,45
2825,761,375,1,57466.62,42
2826,770,68,1,45941.76,25
2827,295,222,3,9776.81,0
2828,209,593,1,47403.88,22
2829,130,33,2,19953.96,32
2830,627,292,1,19519.26,19
2831,642,97,2,72397.94,21
2832,902,179,5,35639.39,48
2833,769,250,3,40384.07,21
2834,151,47,3,25227.82,2
2835,61,418,4,43064.1,36
2836,14,20,4,31703.67,35
2837,61,76,5,9696.9,28
2838,489,270,1,13154.3,15
2839,491,513,3,65657.63,8
2840,734,224,2,21242.66,18
2841,315,595,3,24408.27,1
2842,3,403,4,28887.11,48
2843,869,161,3,41865.24,13
2844,165,357,1,645.38,13
2845,389,321,3,5430.49,25
2846,189,293,1,59996.99,16
2847,189,597,1,43902.6,42
2848,970,587,2,10521.88,14
2849,316,339,1,41354.74,47
2850,807,33,5,17514.5,26
2851,860,48,3,58200.92,40
2852,783,554,5,6816.38,32
2853,260,249,1,15846.55,7
2854,91,394,4,11452.79,50
2855,140,7,3,69329.0,21
2856,981,468,3,27958.23,36
2857,570,557,4,46012.02,36
2858,882,191,1,17772.42,47
2859,608,434,3,24472.03,2
2860,237,247,4,44929.17,11
2861,817,9,2,17791.1,22
2862,534,192,1,10237.79,29
2863,912,26,5,35035.33,28
2864,118,94,3,6919.13,14
2865,731,564,1,53065.58,27
2866,718,173,1,61070.64,38
2867,743,176,1,44204.53,33
2868,805,128,5,14436.02,31
2869,741,5,3,55304.96,27
2870,109,115,5,51090.08,34
2871,381,341,5,65374.53,46
2872,603,321,5,6598.82,44
2873,997,482,2,48093.6,6
2874,391,570,5,34647.81,3
2875,769,348,2,34247.92,48
2876,828,222,1,9151.35,24
2877,624,159,5,20196.01,30
2878,921,177,5,13665.51,19
2879,888,55,1,8658.67,8
2880,173,489,2,34600.64,11
2881,565,219,5,22800.72,8
2882,641,235,2,62836.14,9
2883,61,259,1,53432.85,31
2884,286,217,2,37131.16,33
2885,766,113,1,43065.27,23
2886,592,201,1,41587.36,47
2887,643,14,2,43968.61,13
2888,52,284,2,6768.43,8
2889,134,450,4,46752.22,8
2890,713,106,2,54753.72,12
2891,43,134,5,16645.46,21
2892,908,49,4,13017.18,12
2893,3,59,3,53213.36,38
2894,237,451,4,16965.27,25
2895,925,599,1,39645.73,14
2896,136,73,1,13301.96,38
2897,92,426,1,51508.6,24
2898,886,42,2,24578.86,33
2899,224,123,1,19290.36,47
2900,555,283,1,35663.41,25
2901,167,155,5,18264.89,12
2902,962,122,4,64383.26,32
2903,58,376,4,21036.63,23
2904,993,428,4,55407.61,48
2905,899,42,4,22010.56,25
2906,953,157,1,28373.12,25
2907,371,371,1,21805.91,18
2908,798,261,3,59741.01,28
2909,989,442,4,6303.58,43
2910,314,194,2,54778.49,22
2911,9,310,5,20028.97,29
2912,195,133,2,1153.96,27
2913,904,121,1,3359.23,9
2914,262,222,4,9478.76,47
2915,352,569,3,26975.21,9
2916,104,528,5,66468.42,2
2917,547,505,5,29859.98,39
2918,101,418,2,43973.22,46
2919,319,87,5,33365.99,24
2920,270,226,2,35299.68,15
2921,909,138,3,3360.59,11
2922,911,375,1,48858.13,15
2923,231,252,3,4023.75,2
2924,829,247,1,37149.7,23
2925,869,542,4,5473.99,23
2926,737,274,3,26077.89,49
2927,746,400,5,56968.24,31
2928,339,465,4,30417.59,46
2929,817,275,3,8871.92,23
2930,991,246,4,18041.19,30
2931,878,278,4,13952.34,46
2932,609,515,4,57309.17,4
2933,442,214,3,50780.73,11
2934,352,293,3,51822.88,44
2935,931,9,5,17094.82,39
2936,940,314,5,53442.38,21
2937,190,409,5,6232.54,50
2938,963,381,5,49153.05,19
2939,865,458,2,15391.12,15
2940,14,465,3,26314.44,23
2941,796,122,3,58311.51,7
2942,956,293,1,70060.45,16
2943,667,558,5,6109.0,50
2944,919,162,4,48415.06,19
2945,796,325,3,12647.24,3
2946,464,581,4,48509.34,49
2947,469,232,1,18088.57,43
2948,926,19,1,48752.31,43
2949,749,125,4,21277.8,22
2950,942,172,-2,10122.12,5
2951,378,563,-4,11332.83,35
2952,288,326,2,44231.99,42
2953,287,181,-4,29067.12,32
2954,817,472,3,47326.92,43
2955,667,511,1,42490.47,12
2956,659,168,1,1917.71,26
2957,816,350,2,54588.93,28
2958,474,464,2,26887.62,25
2959,699,332,4,21858.81,29
2960,4,115,3,58697.74,41
2961,848,48,3,69299.75,28
2962,955,550,1,6797.47,23
2963,334,532,1,13602.97,9
2964,496,183,2,36213.1,11
2965,328,475,2,52208.83,1
2966,619,309,2,73869.63,44
2967,811,127,2,508.73,33
2968,826,89,4,37849.32,2
2969,204,125,2,18036.88,22
2970,360,158,5,3121.56,11
2971,929,28,5,36087.24,36
2972,744,497,2,18375.15,46
2973,383,361,2,67651.15,9
2974,174,155,4,19204.72,39
2975,195,535,5,62627.48,0
2976,295,373,4,20426.13,50
2977,852,228,3,18392.31,14
2978,434,438,1,54872.15,2
2979,481,407,1,48152.31,35
2980,1000,471,1,49752.1,24
2981,622,510,1,43092.74,10
2982,850,205,4,7952.78,0
2983,504,128,2,13669.55,22
2984,661,567,2,27975.22,35
2985,695,574,2,54969.52,31
2986,683,446,-3,7552.49,16
2987,799,413,4,6953.11,28
2988,772,269,2,19065.76,13
2989,708,157,2,31637.04,45
2990,521,18,1,1244.03,18
2991,260,158,3,2930.89,42
2992,879,580,2,17292.49,42
2993,702,189,-2,62377.6,22
2994,415,59,4,45040.64,39
2995,346,217,3,34418.33,24
2996,249,491,2,7984.31,41
2997,118,545,1,14400.63,43
2998,813,504,3,16437.29,15
2999,7,498,3,23065.13,35
3000,973,313,1,29154.97,20
