customer_id,customer_name,email,registration_date,customer_type
1,Allison Hill,donaldgarcia@example.net,2024-03-21,VIP
2,Angie Henderson,davisjesse@example.net,2025-02-19,REGULAR
3,Cristian Santos,lrobinson@example.com,2024-11-05,REGULAR
4,Abigail Shaffer,jpeterson@example.org,2024-03-02,REGULAR
5,Gabrielle Davis,howardmaurice@example.com,2024-01-31,VIP
6,Monica Herrera,smiller@example.net,2025-12-17,VIP
7,Shannon Ray,williamsjeremy@example.com,2023-10-06,REGULAR
8,Dr. Sharon James,xreid@example.org,2024-10-26,REGULAR
9,Daniel Adams,lynchgeorge@example.net,2026-06-05,REGULAR
10,Joel Nelson,gabriellecameron@example.org,2023-09-29,VIP
11,Andrew Stewart,carl95@example.org,2024-09-16,VIP
12,Jennifer Rocha,ithomas@example.org,2025-12-12,VIP
13,Kimberly Burgess,zhurst@example.com,2026-02-10,REGULAR
14,Zachary Hicks,camposmichelle@example.org,2025-02-25,VIP
15,Rebecca Henderson,cruzcaitlin@example.com,2024-06-27,REGULAR
16,Tricia Valencia,frazierdanny@example.net,2025-12-18,VIP
17,Patricia Peterson,ryan70@example.net,2025-02-25,PREMIUM
18,Deborah Mason,williamrodriguez@example.net,2024-10-19,REGULAR
19,Mark Lynch,nathanielmartin@example.net,2024-03-02,PREMIUM
20,Linda Burns,hickmannatasha@example.com,2025-09-22,REGULAR
21,David Bradley,millertodd@example.org,2025-08-10,REGULAR
22,Kim Martinez,karroyo@example.com,2025-01-28,PREMIUM
23,Lisa Brandt,jenniferross@example.net,2026-03-03,REGULAR
24,Jessica Holmes,wrightcaleb@example.org,2024-04-17,VIP
25,Crystal Robinson,zimmermanbrian@example.org,2024-01-14,PREMIUM
26,Shannon Jones,joshuawashington,2025-03-28,VIP
27,Timothy Duncan,esanchez@example.com,2025-08-15,VIP
28,Brent Jordan,ujenkins@example.org,2024-09-02,VIP
29,Victoria Garcia,zchandler@example.org,2023-12-26,VIP
30,Connor West,dwhite@example.org,2024-11-14,REGULAR
31,Angela Morton,williamsyvette@example.org,2024-01-16,PREMIUM
32,Tammy Allison,richardolson@example.com,2024-02-28,REGULAR
33,Carmen Smith,ybaker@example.com,2025-02-25,PREMIUM
34,Michael Cross,smoore@example.org,2025-08-22,PREMIUM
35,Lauren Daniels,brian97@example.net,2025-09-02,REGULAR
36,Kim Brown,yorkcasey@example.org,2024-10-08,PREMIUM
37,Cynthia Wilson,bethwilliams@example.org,2025-02-02,VIP
38,Kevin Mills,james53@example.com,2023-12-30,VIP
39,Michael Evans,sarah10@example.com,2024-07-21,VIP
40,Kristine Garcia,williamanderson@example.com,2024-12-19,VIP
41,Sherry Wood,samueldaniels@example.com,2026-03-09,REGULAR
42,Victoria Valdez,contrerasangela@example.net,2025-02-08,PREMIUM
43,Shawn Baker,newtoneric@example.com,2024-10-28,VIP
44,Michelle Harris,william40@example.org,2025-05-31,VIP
45,Sandra Williams,kellie42@example.net,2024-11-17,REGULAR
46,Michael Hoffman,jonesnicole@example.org,2025-05-13,REGULAR
47,Sandra Aguilar,russellwilliams@example.com,2025-02-04,PREMIUM
48,Rebecca Valencia,jason31@example.com,2024-10-11,REGULAR
49,Stacey Russell,sarayoung@example.org,2025-05-11,VIP
50,Rita Keith,whitesandra@example.com,2026-05-24,REGULAR
51,Sharon Cochran,erik16@example.org,2026-03-02,PREMIUM
52,Courtney Velasquez,ybailey@example.org,2025-01-29,REGULAR
53,Matthew Ross,michelle45@example.net,2024-12-23,REGULAR
54,Meghan Anthony,sheila14@example.org,2025-01-25,VIP
55,Victoria Johnson,yreed@example.com,2025-12-30,VIP
56,William Wilson,jonathanfletcher@example.org,2025-10-31,VIP
57,Renee Mcdaniel,michaeljones@example.net,2024-10-28,PREMIUM
58,Lisa Alvarado,cortezkevin@example.com,2026-06-14,REGULAR
59,Erika Terry,jamesortega@example.com,2024-02-08,PREMIUM
60,Stephanie Gilbert,richard04@example.com,2024-03-17,REGULAR
61,Richard Lawson,steven73@example.net,2024-06-28,REGULAR
62,Steven Flynn,donnacampbell@example.net,2025-12-17,VIP
63,Frances Cardenas,emilywalker@example.org,2023-12-14,VIP
64,Angel Riggs,gibsonolivia@example.net,2025-09-25,PREMIUM
65,Michael Snyder,dylanwatts@example.org,2026-03-21,VIP
66,Colleen Brock,pwilliams@example.org,2025-01-01,VIP
67,Robert Contreras,stephanie79@example.net,2023-08-29,VIP
68,Jessica Meadows,vmerritt@example.com,2024-03-27,VIP
69,Paul Larsen,katie87@example.net,2025-02-02,VIP
70,Jeremiah Reeves,josephflores@example.net,2025-07-02,VIP
71,Chris Reyes,jasminebrown@example.com,2025-03-29,REGULAR
72,John Brown,xprice@example.net,2024-06-24,PREMIUM
73,Alicia Gilmore,wwoods@example.com,2023-08-12,PREMIUM
74,Sarah Ashley,vmedina@example.net,2025-01-26,VIP
75,Stephanie Freeman,ryan06@example.com,2024-08-05,VIP
76,Rebecca Ramsey,ncalhoun@example.net,2024-03-10,VIP
77,James Elliott,millerroy@example.com,2025-04-08,VIP
78,David Murphy,wmurphy@example.com,2026-06-10,VIP
79,Trevor Fisher,ruizkaitlyn@example.org,2024-09-16,VIP
80,Mrs. Marie Harrington DDS,herringjames@example.org,2025-09-09,REGULAR
81,Cynthia Wells,elliottjeffery@example.net,2026-07-27,REGULAR
82,Jacob Obrien,stricklandfrank@example.com,2025-05-30,REGULAR
83,Alexander Collins,tsanders@example.org,2023-09-14,PREMIUM
84,Michael Burton,terrykevin@example.net,2025-08-18,REGULAR
85,Barbara Riggs,reedross@example.com,2024-12-08,PREMIUM
86,Matthew Smith,gshort@example.com,2024-12-11,REGULAR
87,Madison Poole,ryangross@example.net,2024-01-14,VIP
88,Robert Medina,umarshall@example.net,2026-04-27,REGULAR
89,Samuel Rivas,ramirezshannon@example.com,2026-07-31,REGULAR
90,Mary Rogers,lrosales@example.com,2024-04-24,REGULAR
91,Robert Peterson,angela83@example.org,2026-04-05,VIP
92,Jason Peters,hannahbrewer@example.com,2024-07-09,VIP
93,Alan Phillips,tholt@example.net,2026-07-21,PREMIUM
94,Kara Schmidt,jbarajas@example.com,2025-12-19,VIP
95,Jesse Parker,davidlee@example.org,2024-09-20,REGULAR
96,Tiffany Vaughn,javierwashington@example.net,2025-05-05,VIP
97,Paige Carlson,wallkenneth@example.com,2025-09-08,PREMIUM
98,Adrian Ferguson,brandon08@example.com,2026-06-30,PREMIUM
99,Beth Oneill,agarcia@example.net,2024-04-09,PREMIUM
100,John Peterson,kingmichelle@example.org,2024-11-08,REGULAR
101,Jennifer Jones,hernandezlisa@example.com,2025-06-28,REGULAR
102,David Grant,yobrien@example.net,2024-11-19,REGULAR
103,Joseph Hayes,levans@example.com,2024-10-30,VIP
104,Marc Lynch,mezajared@example.org,2023-12-29,REGULAR
105,Brad Allen,moorericky@example.net,2023-12-04,VIP
106,Doris Hall,jacqueline71@example.net,2023-12-22,REGULAR
107,Dennis Moody,ronaldstephens@example.net,2025-06-12,REGULAR
108,Derek Thomas,martinkyle@example.net,2026-06-23,REGULAR
109,Tammy Gonzales,sbarker@example.com,2025-02-26,REGULAR
110,Kathryn Snyder,georgepamela@example.net,2026-04-26,VIP
111,David Davis,keyemily@example,2024-05-02,REGULAR
112,Pamela Thompson,lmoon@example.net,2026-03-31,VIP
113,Robert Costa,vbailey@example.com,2026-03-31,REGULAR
114,Shannon Rivera,zroberts@example.net,2024-08-29,PREMIUM
115,Brandon King,cordovarichard@example.net,2024-02-20,REGULAR
116,April Booth,mgutierrez@example.net,2026-01-04,VIP
117,Peter Garrett,harrisandrea@example.com,2025-12-20,PREMIUM
118,Michael Martinez,jennifercollins@example.org,2026-03-19,PREMIUM
119,Anna Gay,murraydavid@example.org,2023-11-24,VIP
120,Dr. Jordan Hill PhD,jsanchez@example.org,2024-02-23,VIP
121,Thomas Romero,michellehill@example.com,2025-11-07,REGULAR
122,Richard Adams,campbellkenneth@example.net,2025-06-30,VIP
123,Mary Grimes,wryan@example.com,2024-12-27,REGULAR
124,Kimberly Gibson,molly39@example.com,2024-08-29,REGULAR
125,Reginald Williams,zthornton@example.com,2026-02-09,VIP
126,Matthew Hoover,tylerjohnson@example.net,2025-12-17,REGULAR
127,Evelyn Garcia,dgarcia@example.org,2025-02-26,REGULAR
128,Jennifer Pena,charlesharrington@example.com,2024-12-29,PREMIUM
129,Michael Santos,melissa86@example.com,2026-01-29,REGULAR
130,Stacy Freeman,williamsonjimmy@example.net,2024-02-22,VIP
131,Yolanda Francis,wgood@example.net,2023-09-05,REGULAR
132,Ashlee Jackson,rebecca05@example.org,2024-12-02,REGULAR
133,James Thomas,yknight@example.org,2025-11-15,REGULAR
134,Bob Pitts,tyleraguilar@example.org,2026-04-17,PREMIUM
135,David Scott,nolansteven@example.com,2025-11-04,REGULAR
136,Brooke Alexander,vanessa46@example.net,2024-07-08,REGULAR
137,Ryan Gonzalez,gcastaneda@example.org,2023-08-10,PREMIUM
138,Ian Phillips,andrew64@example.org,2025-01-30,PREMIUM
139,Melissa Garner,lozanojulie@example.com,2025-03-12,PREMIUM
140,Crystal Pham,danaoliver@example.net,2026-04-28,PREMIUM
141,Patricia Becker,courtneyberger@example.net,2024-08-28,REGULAR
142,Richard Johnson,jessica14@example.com,2024-10-24,PREMIUM
143,Casey Anderson,alyssa42@example.com,2023-12-08,REGULAR
144,Terry Coffey,julie51@example.com,2025-05-09,VIP
145,Brenda Levy,zcoffey@example.net,2023-11-16,REGULAR
146,Richard Smith,gibsonemily@example.net,2026-04-08,VIP
147,James Little,daniel37@example.org,2026-07-28,VIP
148,Terri Murphy,deborahreid@example.com,2023-11-30,REGULAR
149,Elizabeth Ortiz,brandonjohnson@example.com,2024-01-17,VIP
150,David Medina,qchavez@example.net,2023-12-24,REGULAR
151,Kimberly Matthews,nicolepena@example.com,2023-12-23,VIP
152,Teresa Ramirez,jeff73@example.com,2024-11-29,VIP
153,Michael Stephens,bruce43@example.org,2024-04-07,PREMIUM
154,Samantha Davis,darleneharper@example.org,2024-12-22,VIP
155,Gavin Zhang,caseyhubbard@example.org,2023-10-26,VIP
156,Robin Hall,kristinacarlson@example.com,2024-01-20,VIP
157,Brianna Anderson,lauren10@example.org,2026-07-11,PREMIUM
158,Richard Young,alfred40@example.org,2025-01-21,PREMIUM
159,Kelly Reese,xwest@example.net,2025-05-10,REGULAR
160,Jodi Walker,acostaregina@example.net,2025-01-30,REGULAR
161,Judith Maynard,lutzmelanie@example.com,2024-04-30,PREMIUM
162,Katherine Browning,lammarc@example.org,2025-04-11,VIP
163,Donald Schultz,oscar98@example.com,2025-05-14,PREMIUM
164,Larry Garcia,farrelldebra@example.net,2023-08-25,REGULAR
165,Cindy Hayes,robertwilcox@example.com,2024-02-26,PREMIUM
166,Brandon Simmons,nicholas27@example.org,2024-10-15,REGULAR
167,Bradley Reynolds,lisa80@example.net,2025-01-30,VIP
168,Kristina Santiago,qgomez@example.com,2025-07-20,REGULAR
169,Michelle Schmitt,michael98@example.org,2024-12-18,REGULAR
170,John Boone,megan51@example.com,2025-03-11,PREMIUM
171,Renee Bruce,lynchdiane@example.net,2026-01-19,REGULAR
172,Christopher Park,sandra50@example.org,2025-04-16,VIP
173,Kylie Morales,joycebonilla@example.org,2026-07-24,VIP
174,Cindy Barnes,eric45@example.net,2025-04-10,REGULAR
175,Sophia Moore,craigjoseph@example.net,2024-03-05,VIP
176,Lawrence Perry,kariwilson@example.com,2025-01-28,REGULAR
177,Michael Watkins,brandon69@example.org,2024-03-12,REGULAR
178,Eric Clark,kathrynroberts@example.org,2024-06-19,VIP
179,Paul Thompson,opatel@example.net,2025-03-05,PREMIUM
180,Mary Gomez,chensley@example.com,2024-10-10,VIP
181,Thomas Atkins,tberry@example.net,2025-07-08,VIP
182,Brian Smith,george97@example.net,2025-01-27,REGULAR
183,Anita Richard,ryanmorales@example.org,2026-05-02,VIP
184,Eric Morgan,kimberly18@example.net,2023-11-18,PREMIUM
185,Jordan Bullock,michael23@example.org,2025-12-20,REGULAR
186,Craig Morrison,thompsonkendra@example.com,2023-11-04,PREMIUM
187,Justin Riley,michelle52@example.com,2025-06-19,REGULAR
188,Jeremy Turner,brittany58@example.org,2025-01-23,REGULAR
189,Jesse Brown,chase19@example.net,2026-01-26,REGULAR
190,Julie Spencer,colelisa@example.net,2025-12-28,VIP
191,Larry Mason,hayeslisa@example.com,2023-08-25,VIP
192,Mrs. Maria Williams,hritter@example.net,2024-01-07,REGULAR
193,Helen Hardin,vortiz@example.net,2024-06-06,VIP
194,Rachel Holland,riveraangela@example.com,2023-10-18,VIP
195,Nathaniel Douglas,mathewaguilar@example.org,2024-06-04,PREMIUM
196,Emily Douglas,tanderson@example.org,2024-04-23,PREMIUM
197,James Conner,elizabethcalderon@example.net,2025-04-28,REGULAR
198,Susan Davis DDS,andrew42@example.org,2023-10-26,PREMIUM
199,Ralph Lee,ericphillips@example.org,2024-10-09,PREMIUM
200,Kimberly Rodgers,stanleynancy@example.net,2024-12-29,VIP
201,James Martin,jenniferwilliams@example.com,2024-03-03,VIP
202,Cynthia Wallace,karen73@example.net,2025-11-15,PREMIUM
203,Vincent Mueller,michealvalentine@example.com,2024-06-17,VIP
204,Douglas Reyes,mburch@example.net,2024-07-03,REGULAR
205,David Davidson,angela18@example.org,2025-11-27,REGULAR
206,Phillip Nelson,mariahdavis@example.org,2024-08-07,REGULAR
207,Stacey Arias,gbrown@example.com,2025-06-16,VIP
208,Zachary Brooks,florescory@example.net,2024-12-26,PREMIUM
209,Raven Taylor,samantha72@example.net,2024-06-27,PREMIUM
210,Luis Bullock,scottmary@example.net,2024-03-14,VIP
211,Lisa Henderson,john10@example.org,2023-10-24,PREMIUM
212,Riley Bryant,copelandvincent@example.net,2024-11-03,PREMIUM
213,Jose Allen,kellysmith@example.com,2026-03-05,REGULAR
214,Jason Beck,millsmichael@example.net,2025-04-22,PREMIUM
215,Rachel Romero,myerstheodore@example.net,2024-11-04,REGULAR
216,James Burgess,kristina53@example.net,2024-09-04,REGULAR
217,Ashley Perkins,dennis58@example.com,2025-06-08,PREMIUM
218,Carrie Maxwell,epollard@example.net,2023-12-26,PREMIUM
219,Chad Baldwin,mjohnson@example.org,2025-07-25,PREMIUM
220,Stacey Stewart,zachary87@example.com,2026-06-14,VIP
221,Matthew Mitchell,glennmartin@example.org,2025-06-14,PREMIUM
222,Jessica Ross,ykline@example.com,2024-03-29,REGULAR
223,Kathleen Jimenez,laurie61@example.com,2024-08-05,PREMIUM
224,Samantha Gardner,curtis54@example.com,2025-01-30,VIP
225,Mitchell Jackson,cbell@example.net,2024-03-15,REGULAR
226,Heather Bolton,danielle01@example.net,2026-01-11,VIP
227,Heidi Owen,stephaniethomas@example.net,2025-05-09,PREMIUM
228,Jessica Martinez,kimberlydiaz@example.com,2026-06-18,PREMIUM
229,Amanda Hernandez,xrush@example.com,2025-10-02,REGULAR
230,Laura Moreno,redwards@example.org,2024-08-29,VIP
231,Allison Lopez,hmcintyre@example.com,2023-11-04,PREMIUM
232,Michele Lewis,heather73@example.org,2026-01-15,VIP
233,Benjamin Thompson,zosborn@example.net,2026-07-05,REGULAR
234,Victoria Contreras,piercekelly@example.com,2024-09-12,VIP
235,Michelle Ho,laurahicks@example.org,2026-01-05,PREMIUM
236,Dr. Cynthia Snyder,angela57@example.net,2025-06-12,REGULAR
237,Stephen Jones,ukey@example.com,2025-05-09,VIP
238,Patricia Morrow,martinezlogan@example.org,2024-04-17,VIP
239,Michael Cooper,katrinaanderson@example.net,2025-04-12,VIP
240,Amy Martinez,kevinmartin,2025-04-30,VIP
241,Travis Stone,meghan43@example.net,2025-11-19,VIP
242,Denise Weber,shawgary@example.net,2025-11-07,PREMIUM
243,Matthew Le,megan90@example.org,2025-04-02,VIP
244,Travis Wise,debra96@example.net,2024-04-22,VIP
245,Kathleen Burton,dawn47@example.org,2025-12-14,REGULAR
246,Melinda Evans,barkereric@example.com,2025-09-20,VIP
247,Mr. Lawrence Edwards,jessica56@example.org,2024-07-27,VIP
248,Kayla Rodriguez,stevenadams@example.org,2025-04-13,VIP
249,Anthony Dougherty,kwright@example.com,2023-08-06,PREMIUM
250,Michelle Lee,tyronerobertson@example.com,2025-03-15,PREMIUM
251,Kathleen Davis,pwagner@example.org,2026-01-02,REGULAR
252,Amber Campbell,amitchell@example.org,2025-05-26,VIP
253,Stephen Luna,zdiaz@example.org,2026-01-26,PREMIUM
254,Chloe Tran,hughesshannon@example.net,2024-10-16,PREMIUM
255,William Becker,andersoncolin@example.com,2026-04-01,VIP
256,Gina Mcmillan,jameshicks@example.net,2024-07-18,VIP
257,Andrew Reeves,jstone@example.net,2024-01-26,VIP
258,Brenda Velazquez,francisco94@example.net,2026-06-26,PREMIUM
259,Ronald Patel,thomas05@example.com,2025-06-22,VIP
260,Veronica Silva,carlsonjoseph@example.net,2024-11-29,REGULAR
261,Paula Lane,silvageorge@example.net,2025-05-02,VIP
262,Patricia James,anthonyvaughan@example.org,2024-09-16,REGULAR
263,Jeremy Barnes,avaughn@example.net,2023-09-25,REGULAR
264,Tami Salas,thorntonapril@example.net,2024-12-19,REGULAR
265,Matthew Fox,sue78@example.com,2024-01-02,PREMIUM
266,Megan Dillon,chelsea33@example.com,2025-12-01,PREMIUM
267,Courtney Dudley,kellie37@example.com,2024-09-07,VIP
268,Justin Michael,keith98@example.com,2025-09-30,VIP
269,Jennifer Reed,kellyroberts@example.net,2025-11-01,PREMIUM
270,Thomas Douglas,ilewis@example.com,2024-06-03,REGULAR
271,Melissa Taylor,johnsantiago@example.net,2023-08-17,VIP
272,David Garcia,jennifer12@example.org,2025-12-23,REGULAR
273,Vanessa Moore,mwoods@example.com,2024-07-31,REGULAR
274,Matthew Velez,pearsonjesse@example.net,2026-07-01,VIP
275,Taylor Gentry,robertmonroe@example.org,2023-11-16,PREMIUM
276,Jennifer Simpson DVM,nancy04@example.net,2024-12-28,VIP
277,Tanya Rogers,ihays@example.net,2026-02-25,REGULAR
278,Todd Rosales MD,lisarivera@example.net,2026-03-14,REGULAR
279,David Lopez,krystal93@example.org,2026-07-28,VIP
280,Margaret Sullivan,frobertson@example.com,2025-05-16,VIP
281,Cathy Taylor,shari04@example.com,2026-06-04,PREMIUM
282,Paul Finley,brandi90@example.com,2026-02-04,PREMIUM
283,Melissa Brown,marshallerik@example.net,2026-04-04,REGULAR
284,Stephanie Padilla,hannah45@example.net,2025-01-17,PREMIUM
285,Tyler Mendoza,madkins@example.com,2025-02-23,REGULAR
286,Joshua Ruiz,kathleenbecker@example.net,2026-04-24,VIP
287,Angela Griffin,christian91@example.org,2024-12-07,VIP
288,Stephanie Harris,franklinbond@example.com,2026-01-22,PREMIUM
289,Daniel Aguilar,nolansean@example.org,2025-03-13,REGULAR
290,Jose Bryant,hansenemily@example.com,2025-02-12,REGULAR
291,Jennifer Velasquez,bethwilliams@example.com,2025-05-21,PREMIUM
292,Kimberly Brown,andersenthomas@example.com,2024-01-18,VIP
293,Randy Cannon,ybrooks@example.com,2024-06-09,REGULAR
294,Susan Bennett,desireebailey@example.org,2025-09-28,REGULAR
295,Jenna Anderson DVM,avilatiffany@example.com,2024-06-13,VIP
296,Kimberly Patel,johnreed@example.com,2024-10-17,VIP
297,Shaun Cannon,pachecorobert@example.org,2025-12-02,REGULAR
298,Austin Wheeler,tharper@example.org,2025-06-13,PREMIUM
299,Andrew Gonzales,karenparsons@example.org,2026-03-17,VIP
300,Donna Cabrera,barbara53@example.com,2023-12-11,PREMIUM
301,Victoria Boyd,dturner@example.net,2025-12-13,REGULAR
302,Sheryl Buck,dpeters@example.com,2023-09-15,PREMIUM
303,Megan Floyd,heather62@example.com,2025-09-23,VIP
304,Paul Wells,kevinzimmerman@example.com,2023-08-18,PREMIUM
305,Kristina Faulkner,paulscott@example.com,2025-04-08,PREMIUM
306,Tammy Boone,nicholsmaria@example.org,2025-12-11,PREMIUM
307,Michael Morrison,lopezkathleen@example.net,2024-10-30,VIP
308,Claire Clark,kevin03@example.org,2024-10-28,PREMIUM
309,Autumn Key,srocha@example.net,2026-01-14,PREMIUM
310,Jennifer Allen,kimberly67@example.net,2023-10-04,PREMIUM
311,Elizabeth Ward,zowens@example.net,2025-06-24,PREMIUM
312,Ryan Rocha,lawrence09@example.org,2025-11-11,VIP
313,Alexis Tran,mphillips@example.com,2024-07-09,VIP
314,Kelly Sanchez,jonathan77@example.com,2024-04-23,PREMIUM
315,Robert Jackson,iwhite@example.net,2026-08-03,VIP
316,Kelly Combs,landryelizabeth@example.org,2025-10-20,REGULAR
317,Ryan Hall,albertwagner@example.com,2023-09-30,VIP
318,Mark Peck,bhopkins@example.org,2025-12-30,REGULAR
319,Jennifer Smith,amanda40@example.net,2026-03-08,REGULAR
320,Megan Drake,danieldavis@example.org,2023-11-16,REGULAR
321,Manuel King,joseph61@example.com,2025-09-20,PREMIUM
322,Judy Sanchez,kevinclayton@example.org,2024-10-12,PREMIUM
323,Shannon Malone,sullivannicholas@example.com,2025-06-05,PREMIUM
324,Adam Jackson,pbruce@example.com,2025-09-20,PREMIUM
325,Shannon Davis,hallrachel@example.net,2025-12-16,PREMIUM
326,Karen Williams,cohenjuan@example.net,2024-01-20,PREMIUM
327,Amanda Mcfarland,alexis39@example.org,2023-09-14,PREMIUM
328,Michelle Sanders,evansanne@example.net,2023-11-20,VIP
329,Jasmine Mosley,patrick21@example.net,2024-11-07,PREMIUM
330,Haley Davis,marypeterson@example.net,2023-12-24,VIP
331,Jennifer Ayala,walterskristen@example.com,2023-10-27,VIP
332,Henry Pugh MD,nmiller@example.com,2024-12-24,REGULAR
333,Michelle Miller,normanbowers@example.org,2023-09-16,REGULAR
334,Emily Rodriguez,hahnsean@example.com,2024-06-13,VIP
335,Brandon Jordan,fgarcia@example.com,2024-04-20,REGULAR
336,Linda Mueller,asmithexample.com,2024-03-27,PREMIUM
337,Misty Hansen,ashleyjackson@example.com,2024-10-25,VIP
338,Derrick Adams,bryanhamilton@example.com,2025-01-11,PREMIUM
339,Richard Ward,jennifersimpson@example.net,2024-07-14,PREMIUM
340,Brian Torres,ncook@example.com,2024-03-27,VIP
341,Erin Cook,kevinmorrison@example.net,2025-05-04,REGULAR
342,Ernest Oconnell,kelly79@example.org,2023-09-27,REGULAR
343,Douglas Hartman,daniel93@example.net,2025-09-12,PREMIUM
344,Catherine Saunders MD,nhahn@example.com,2024-09-15,PREMIUM
345,Sandra Jones,ichambers@example.net,2024-12-15,REGULAR
346,David Moore,emccormick@example.com,2025-04-14,REGULAR
347,Karen Morales DDS,ystephens@example.com,2024-04-09,VIP
348,Robin Wheeler,rodriguezjohn@example.net,2023-10-29,VIP
349,Matthew Williams,vrasmussen@example.com,2026-08-01,PREMIUM
350,Brett Walker,seanmyers@example.net,2025-09-02,PREMIUM
351,Kathryn Cooper,webbkenneth@example.org,2026-06-07,REGULAR
352,Todd Thomas,matthew38@example.com,2025-07-04,VIP
353,Brent Bowen,tflores@example.org,2025-12-13,REGULAR
354,Ashley Sweeney,byrdfrank@example.net,2024-03-09,PREMIUM
355,Christopher Moore,omullen@example.com,2025-08-16,PREMIUM
356,Charlotte Sandoval,njohnson@example.org,2026-03-04,VIP
357,Jeffrey Smith,jamiegoodwin@example.org,2024-06-14,VIP
358,Rebecca Herrera,mark71@example.com,2024-07-31,PREMIUM
359,Katherine Church,candice96@example.net,2026-07-09,VIP
360,Harold Ellis,lisamccarthy@example.com,2025-02-09,VIP
361,Leslie Powers,david41@example.org,2026-04-22,VIP
362,Charles Price,baileyhenderson@example.com,2026-01-14,PREMIUM
363,Melissa Brewer,angelaburns@example.org,2025-02-05,VIP
364,Ryan Harvey,stephanie72@example.org,2024-12-20,PREMIUM
365,Tracey Wagner,fortiz@example.com,2025-02-27,REGULAR
366,Jill Jackson,flynnjeffrey@example.org,2024-12-17,PREMIUM
367,Joshua Jackson,xcunningham@example.com,2025-09-20,PREMIUM
368,Ashley Wilson,amber07@example.net,2023-10-03,PREMIUM
369,Jeffery Fitzgerald,kennethkidd@example.com,2025-06-01,PREMIUM
370,Scott Miller,rowejoel@example.net,2026-04-30,REGULAR
371,Heather Page,imartin@example.org,2025-08-01,REGULAR
372,Renee Hudson,candice25@example.net,2025-07-03,PREMIUM
373,Kenneth Farley,taylorkaren@example.com,2025-02-21,PREMIUM
374,Wendy Camacho,jacquelineanderson@example.org,2023-08-26,VIP
375,Sandra Juarez,kburns@example.net,2024-08-31,VIP
376,Jason Hayes,powellkara@example.net,2024-12-12,REGULAR
377,Jackie Clements,brandi17@example.net,2025-11-15,VIP
378,Heather Brown,brobinsonexample.org,2024-12-10,PREMIUM
379,Frank Campbell MD,ashleewashington@example.com,2026-04-07,VIP
380,Pamela Williams,ksmith@example.com,2026-05-07,VIP
381,William Patterson,nicoleturner,2023-09-10,PREMIUM
382,Isaac Miller,brettgarrett@example.net,2025-03-30,REGULAR
383,Cynthia Rios,smiththomas@example.org,2025-11-11,REGULAR
384,Kelly Wallace,dominguezlisa@example.com,2024-12-16,VIP
385,Karen Perez,crosscurtis@example.com,2025-08-30,PREMIUM
386,Edwin Reyes,darlenebyrd@example.org,2026-07-28,PREMIUM
387,Alejandra Santos,nbell@example.net,2025-12-24,PREMIUM
388,Tamara Jensen,fheath@example.org,2025-06-13,VIP
389,Bryce Blair,sylvia52@example.org,2026-02-20,PREMIUM
390,Bradley Tran,kimberly04@example.org,2025-04-24,PREMIUM
391,Katrina Adkins,debbie37@example,2024-11-20,PREMIUM
392,Jonathan Wheeler,hatfieldsarah@example.org,2024-09-03,REGULAR
393,Ryan Fisher,kathrynbest@example.org,2024-04-06,PREMIUM
394,Austin Baker,livingstonstacy@example.com,2024-08-19,VIP
395,Lori Mason,zhenderson@example.org,2024-10-22,REGULAR
396,Kimberly Hernandez,collinswilliam@example.org,2026-04-23,VIP
397,Brittney Murphy,collinssamuel@example.org,2026-07-15,PREMIUM
398,Brandon Hamilton,dsalazar@example.com,2025-03-07,VIP
399,Mary Thompson,zimmermanjacqueline@example.org,2024-09-06,REGULAR
400,Gregory Holmes PhD,gary24@example.net,2024-11-13,PREMIUM
401,Patricia Johnson,enelson@example.com,2024-08-07,PREMIUM
402,Laura Jones,ddixon@example.com,2023-09-03,PREMIUM
403,Carol Moore,shannonemily@example.org,2026-08-03,VIP
404,Jordan Williams,sanchezthomas@example.com,2025-02-17,REGULAR
405,Cassidy Horne,tranrobin@example.net,2023-11-25,REGULAR
406,Courtney Wright,joseph19@example.com,2025-03-26,VIP
407,Michael Williams,lindajarvis@example.com,2024-04-20,VIP
408,John Campbell,mark87@example.org,2026-05-07,VIP
409,Eddie Mueller,stevenvargas@example.com,2023-08-31,REGULAR
410,Dr. Morgan Payne PhD,adamortiz@example.org,2025-03-10,VIP
411,Makayla Steele,tapiaaaron@example.net,2026-04-12,PREMIUM
412,Oscar Parker,alyssaallen@example.com,2025-07-03,PREMIUM
413,Valerie Thomas,christopher38@example.com,2023-11-19,REGULAR
414,Jacqueline Villegas,carpenterwilliam@example.net,2026-04-10,PREMIUM
415,Angela Bradley,ibates@example.org,2023-12-17,REGULAR
416,Samuel Howe,vhaynes@example.com,2026-05-09,PREMIUM
417,Dillon Jones,derekcarrillo@example.org,2023-11-23,REGULAR
418,Christopher Owens,wmartinez@example.org,2024-06-06,REGULAR
419,John Phelps,mooregina@example.net,2025-04-19,VIP
420,Amanda Huff,eddie35@example.com,2024-12-26,REGULAR
421,Megan Green,anthonysullivan@example.com,2025-12-05,REGULAR
422,Krista Davis,laradonald@example.org,2024-11-10,VIP
423,Richard Walker,madisonwatson@example.net,2025-09-23,VIP
424,Angela Willis,johnsoncaleb@example.net,2026-01-28,PREMIUM
425,Carl Stein,david70@example.org,2025-12-31,PREMIUM
426,Jessica Ramsey,rjohnson@example.com,2023-12-07,PREMIUM
427,Daniel Lopez,sean20@example.net,2024-02-25,VIP
428,Danielle Phillips,eandrade@example.org,2024-10-11,REGULAR
429,James Barnes,crystalpham@example.org,2024-01-19,PREMIUM
430,Rachael Howard DDS,kcooper@example.net,2024-12-09,REGULAR
431,Devin Johnson,anthonycochran@example.com,2024-01-06,REGULAR
432,William Moreno,terrigarcia@example.net,2023-08-11,REGULAR
433,Joseph Moody,gallagherstacie@example.net,2026-02-13,PREMIUM
434,Rebecca Kelly,gregorywatkins@example.net,2026-03-25,VIP
435,Suzanne Johnson,stacey92@example.net,2023-10-11,PREMIUM
436,Sara Cochran,lweaver@example.com,2025-03-18,REGULAR
437,Anthony Guzman,foxaaron@example.net,2025-03-07,VIP
438,Carlos Love,brian29@example.net,2026-02-20,VIP
439,Patricia Mathis,susan56@example.net,2024-11-26,REGULAR
440,Eric Taylor,jessicakim@example.net,2024-09-14,PREMIUM
441,Marie Thompson,jeffrey92@example.com,2024-03-28,PREMIUM
442,Michael Anderson,rushstacy@example.com,2024-11-08,VIP
443,Patricia Bradley,carriemccall@example.net,2024-06-06,VIP
444,Keith Zuniga,markmiller@example.com,2024-05-23,PREMIUM
445,Mrs. Stacey Davis,sean43@example.org,2023-12-06,REGULAR
446,Hayley Buchanan,williamssamuel@example.com,2025-04-26,REGULAR
447,Stacey Snyder,ybell@example.org,2025-03-19,VIP
448,Rachel Lane,franciscojones@example.org,2024-04-16,PREMIUM
449,Fernando Lynn,petersonpamela@example.org,2025-04-19,PREMIUM
450,Kimberly Villanueva,morgantricia@example.com,2025-11-07,VIP
451,Jessica Valdez,gmoore@example.com,2026-05-26,PREMIUM
452,Colton Terry,donna43@example.org,2026-05-13,VIP
453,Kenneth Larsen,briansmith@example.org,2024-01-17,PREMIUM
454,Matthew Greene,collinclark@example.net,2023-10-26,VIP
455,Bradley Anthony,kristen77@example.net,2025-05-27,PREMIUM
456,Martin Hughes,nicole52@example.com,2024-12-30,VIP
457,Jeremiah Baker,anne21@example.org,2024-02-09,REGULAR
458,Rhonda Gutierrez,angelarandall@example.net,2023-09-17,REGULAR
459,Joseph Camacho,parmstrong@example.com,2025-02-07,VIP
460,James Nash,shawrachel@example.net,2023-10-27,VIP
461,Lisa Martinez,kthompson@example.org,2026-03-26,REGULAR
462,Beth Henderson,oharris@example.org,2026-01-27,VIP
463,Deanna Bartlett,millerangela@example.net,2024-08-11,PREMIUM
464,Donald Ellis,buchanancindy@example.net,2026-01-14,VIP
465,Ashley Hernandez,buckleyanna@example.org,2026-05-09,VIP
466,Sharon Beard,pbaker@example,2026-03-25,REGULAR
467,Kara Jackson,mthomas@example.net,2025-11-19,PREMIUM
468,Amanda Preston,hannah07@example.com,2025-05-24,PREMIUM
469,Alicia Roth,larry71@example.org,2024-03-07,VIP
470,William Ramos,joseph69@example.net,2025-06-11,REGULAR
471,Jeremy Mcintyre,wfigueroa@example.net,2026-05-16,PREMIUM
472,Samantha Robertson,cameronmckinney@example.com,2025-11-03,PREMIUM
473,Samuel Suarez,thompsonnancy@example.org,2023-10-20,VIP
474,Danielle Bryant,janet45@example.com,2024-02-02,PREMIUM
475,Madison Martinez,allentracy@example.com,2025-01-03,PREMIUM
476,Seth Matthews,max41@example.com,2024-03-30,PREMIUM
477,Anthony Nash,mercedesholland@example.net,2026-06-24,PREMIUM
478,Matthew Palmer,wellsdavid@example.org,2026-03-09,REGULAR
479,Alejandra King,jennifer46@example.com,2023-11-25,PREMIUM
480,Judy Robinson,erica96@example.net,2026-07-02,REGULAR
481,Jorge Bates,anna99@example.com,2026-05-22,PREMIUM
482,Brian Brown,danielle44@example.net,2026-01-27,VIP
483,Stephanie Evans,zacharyallen@example.org,2024-09-25,REGULAR
484,Rebekah Greene,erin07@example.com,2024-04-30,PREMIUM
485,Jason Price,aguilarwanda@example.org,2026-01-19,PREMIUM
486,Micheal Parks,qknox@example.com,2026-04-24,VIP
487,Sarah Pittman,kellyruiz@example.net,2023-10-04,REGULAR
488,Robert Hines,staceylam@example.net,2024-12-08,VIP
489,Henry Garner,robert55@example.com,2024-06-25,VIP
490,Julie Wilson,delacruzbrandy@example.net,2023-09-03,PREMIUM
491,Steve Mason,amoreno@example.org,2025-11-18,VIP
492,Brittany Gay,robert97@example.org,2024-11-08,REGULAR
493,Mike Maxwell,lcook@example.com,2026-03-08,REGULAR
494,Abigail Hill,barbaramoore@example.org,2024-06-16,REGULAR
495,Jeffrey Jordan,ysanford@example.org,2025-03-25,PREMIUM
496,Curtis Watson,mcclainkatherine@example.net,2025-02-15,VIP
497,Michael Sims,jeremywiley@example.com,2026-04-20,PREMIUM
498,James Chapman,cameronwilliams@example.com,2024-12-17,PREMIUM
499,Joseph Warren,ibarron@example.com,2024-05-28,PREMIUM
500,Katherine Christensen MD,osmith@example.net,2024-08-30,PREMIUM
501,Mrs. Alison Wagner,richardsondebra@example.org,2026-06-11,VIP
502,Martin Wise,wheelerbrandon@example.org,2024-05-11,VIP
503,Alicia Norris,hwallace@example.net,2025-02-21,REGULAR
504,Michael Harris,turnerdorothy@example.net,2025-07-02,PREMIUM
505,Lisa Haynes,grivas@example.net,2025-02-03,VIP
506,Autumn Wilson,jimenezchelsea@example.com,2025-03-07,REGULAR
507,Valerie Howard,cphillips@example.net,2025-04-08,VIP
508,Daniel Fitzpatrick MD,smithchristopher@example.org,2026-05-04,VIP
509,Maureen Hernandez,chancharles@example.net,2026-02-05,REGULAR
510,David Hall,joseph01@example.org,2026-04-23,VIP
511,Sarah Ward,ronald11@example.org,2025-06-16,PREMIUM
512,Charles Holland,michael79@example.com,2025-09-16,VIP
513,Anna Briggs,danielross@example.com,2025-05-26,PREMIUM
514,James Jefferson,zbanks@example.org,2024-12-07,REGULAR
515,Michael Brown,dalepruitt@example.com,2025-09-28,VIP
516,Meghan White,nmaxwell@example.org,2025-11-24,REGULAR
517,Sheryl Acosta,timothyfreeman@example.com,2025-05-18,REGULAR
518,Arthur Pena,busherica@example.net,2026-03-31,VIP
519,Krystal Levine,april91@example.com,2025-09-24,VIP
520,Danielle Reed,jhernandez@example.net,2024-06-12,PREMIUM
521,Mason Moore,kchristian@example.org,2023-10-20,PREMIUM
522,Erica Rivera,brent38@example.net,2026-05-30,REGULAR
523,Robert Miller,csolis@example.org,2025-06-15,VIP
524,Jillian Wilson,bmcgee@example.org,2026-01-23,REGULAR
525,Andrew Dunn,connersylvia@example.net,2026-07-18,REGULAR
526,Jordan Clark,xclements@example.org,2023-09-06,PREMIUM
527,Sarah Rivera,xmoran@example.net,2024-05-27,VIP
528,Brent Hopkins,petersonmaria@example.com,2024-06-17,PREMIUM
529,Jacqueline Rodriguez,travisunderwood@example.net,2026-03-24,REGULAR
530,Ashley Carr,davidphelps@example.org,2025-06-29,PREMIUM
531,Richard Love,shermanbrandon@example.net,2025-10-28,VIP
532,Leah Barton,lellis@example.net,2024-01-17,VIP
533,Jonathan Moreno,tranryan@example.net,2026-08-02,PREMIUM
534,Mr. Thomas Thompson,jessicaanderson@example.com,2025-05-15,PREMIUM
535,Lisa Morris,mbarnes@example.net,2026-05-01,VIP
536,Denise Stuart,shawn22@example.com,2023-10-18,VIP
537,Stacey Hunt,jennifer83@example.org,2023-12-24,VIP
538,Miguel Parks,tinasantos@example.org,2025-03-16,REGULAR
539,Melissa Morris,hodgesanna@example.net,2024-02-07,REGULAR
540,Mary Butler,natalie60@example.net,2024-02-23,PREMIUM
541,James Brown,gonzalezkaren@example.org,2024-02-27,VIP
542,Miss Brianna Brown,james80@example.com,2024-07-11,PREMIUM
543,Ashley Parrish,juliahoffman@example.org,2025-04-10,VIP
544,Rebecca Horton,housepaul@example.net,2023-11-08,REGULAR
545,Juan Smith,james73@example.net,2023-11-28,PREMIUM
546,Maria Fischer,kimberlybrandt@example.com,2025-08-09,PREMIUM
547,William Jones,jillwilson@example.org,2026-01-04,PREMIUM
548,Justin Anderson,adam72@example.org,2024-12-18,REGULAR
549,Frank Williams,tracy98@example.com,2025-11-26,VIP
550,Michael Fox,abigailhartman@example.org,2024-08-08,VIP
551,Joshua Davis,nicolealvarado@example.com,2024-07-29,REGULAR
552,Daniel Goodwin,wbarajas@example.net,2025-09-27,REGULAR
553,Michael Griffin,susanfleming@example.com,2024-12-11,VIP
554,Robert Wilson,amber40@example.net,2024-05-25,PREMIUM
555,Jaime Lang,stucker@example.net,2026-03-07,REGULAR
556,Jose Vaughan,teresaayala@example.net,2025-01-07,VIP
557,Austin Santiago,michellecoleman@example.org,2025-01-09,PREMIUM
558,Ronald Johns,elucas@example.net,2023-08-25,VIP
559,Allison Love,millerbrian@example.com,2025-03-17,PREMIUM
560,Laura Perez,rickey76@example.com,2024-06-24,VIP
561,James Wilson,maychristine@example.net,2026-01-26,REGULAR
562,Mercedes Jones,robertsgina@example.net,2025-04-09,PREMIUM
563,Preston Kim,bshort@example.com,2025-12-21,VIP
564,Daniel Francis,susan24@example.net,2024-12-30,VIP
565,Traci Camacho,susan08@example.net,2025-04-15,PREMIUM
566,Andrew Armstrong,fmedina@example.com,2025-10-01,REGULAR
567,Patrick Swanson,robertbrewer@example.net,2024-03-11,PREMIUM
568,Clinton Jensen,james29@example.org,2025-09-25,REGULAR
569,Tara Gamble,enewman@example.com,2025-08-10,VIP
570,Danielle Gonzalez,wlynn@example.org,2025-04-02,VIP
571,Cynthia Mitchell,mcculloughlouis@example.com,2025-04-01,VIP
572,Matthew Steele,arianadiaz@example.com,2025-10-24,REGULAR
573,Caroline Edwards,jenniferdavidson@example.com,2023-08-22,PREMIUM
574,Brandy Quinn,wford@example.com,2023-11-14,VIP
575,Mr. Matthew Miller,michele28example.org,2026-05-19,VIP
576,Stephen Jones,mcclainmelissa@example.net,2024-11-19,PREMIUM
577,Kevin Sullivan,rebeccaarnold@example.net,2025-07-27,VIP
578,Kimberly Valdez,michaelwalker@example.net,2024-08-29,REGULAR
579,Donna Marshall,sanderswayne@example.net,2024-12-31,VIP
580,Victor Holden,katherinetaylor@example.org,2024-05-12,VIP
581,Travis Hopkins,jillwebb@example.com,2024-02-20,VIP
582,Philip Hall,mike03@example.net,2023-10-25,VIP
583,Heather Harrison,ckeith@example.net,2026-01-24,PREMIUM
584,Michael Boyd,mary49@example.net,2025-08-22,REGULAR
585,Jamie Gray,blacknicholas@example.org,2024-05-01,VIP
586,Heather Parrish,msparks@example.org,2025-04-01,REGULAR
587,Brenda Martin,robertsonjuan@example.org,2025-12-03,PREMIUM
588,Jack Love,guerrerorobert@example.com,2024-09-20,REGULAR
589,Karen Mendoza,brittanyholland@example.com,2025-08-24,REGULAR
590,Andrew Berry,dennishunt@example.net,2026-05-29,VIP
591,Christopher Nielsen,kgreene@example.net,2024-07-07,PREMIUM
592,Nathan Stanley,stacey37@example.net,2026-04-18,PREMIUM
593,Sharon Jackson DVM,laurahoover@example.org,2025-06-29,PREMIUM
594,Kayla Jackson,sandra99@example.org,2026-03-22,REGULAR
595,James Rodriguez,alexandrablankenship@example.net,2024-05-20,REGULAR
596,Chase Davis,mvalenzuela@example.org,2025-10-27,REGULAR
597,Kim Goodwin,olsondavid@example.net,2025-08-24,VIP
598,April Pace,xboyd@example.org,2025-10-22,REGULAR
599,Jessica Mays,yclarkeexample.com,2025-01-28,REGULAR
600,Natalie Juarez,colemanjonathan@example.org,2024-04-15,VIP
